step,elapsed_seconds,elapsed_hours,ambient_temp_c
0,0,0.0,23.73
1,300,0.08333333333333333,23.688
2,600,0.16666666666666666,23.647
3,900,0.25,23.605
4,1200,0.3333333333333333,23.563
5,1500,0.41666666666666663,23.522
6,1800,0.5,23.48
7,2100,0.5833333333333333,23.438
8,2400,0.6666666666666666,23.397
9,2700,0.75,23.355
10,3000,0.8333333333333333,23.313
11,3300,0.9166666666666666,23.272
12,3600,1.0,23.23
13,3900,1.0833333333333333,23.19
14,4200,1.1666666666666665,23.15
15,4500,1.25,23.11
16,4800,1.3333333333333333,23.07
17,5100,1.4166666666666665,23.03
18,5400,1.5,22.99
19,5700,1.5833333333333333,22.95
20,6000,1.6666666666666665,22.91
21,6300,1.75,22.87
22,6600,1.8333333333333333,22.83
23,6900,1.9166666666666665,22.79
24,7200,2.0,22.75
25,7500,2.083333333333333,22.722
26,7800,2.1666666666666665,22.693
27,8100,2.25,22.665
28,8400,2.333333333333333,22.637
29,8700,2.4166666666666665,22.608
30,9000,2.5,22.58
31,9300,2.583333333333333,22.552
32,9600,2.6666666666666665,22.523
33,9900,2.75,22.495
34,10200,2.833333333333333,22.467
35,10500,2.9166666666666665,22.438
36,10800,3.0,22.41
37,11100,3.083333333333333,22.393
38,11400,3.1666666666666665,22.377
39,11700,3.25,22.36
40,12000,3.333333333333333,22.343
41,12300,3.4166666666666665,22.327
42,12600,3.5,22.31
43,12900,3.583333333333333,22.293
44,13200,3.6666666666666665,22.277
45,13500,3.75,22.26
46,13800,3.833333333333333,22.243
47,14100,3.9166666666666665,22.227
48,14400,4.0,22.21
49,14700,4.083333333333333,22.209
50,15000,4.166666666666666,22.208
51,15300,4.25,22.208
52,15600,4.333333333333333,22.207
53,15900,4.416666666666666,22.206
54,16200,4.5,22.205
55,16500,4.583333333333333,22.204
56,16800,4.666666666666666,22.203
57,17100,4.75,22.202
58,17400,4.833333333333333,22.202
59,17700,4.916666666666666,22.201
60,18000,5.0,22.2
61,18300,5.083333333333333,22.292
62,18600,5.166666666666666,22.385
63,18900,5.25,22.478
64,19200,5.333333333333333,22.57
65,19500,5.416666666666666,22.662
66,19800,5.5,22.755
67,20100,5.583333333333333,22.848
68,20400,5.666666666666666,22.94
69,20700,5.75,23.032
70,21000,5.833333333333333,23.125
71,21300,5.916666666666666,23.217
72,21600,6.0,23.31
73,21900,6.083333333333333,23.5
74,22200,6.166666666666666,23.69
75,22500,6.25,23.88
76,22800,6.333333333333333,24.07
77,23100,6.416666666666666,24.26
78,23400,6.5,24.45
79,23700,6.583333333333333,24.64
80,24000,6.666666666666666,24.83
81,24300,6.75,25.02
82,24600,6.833333333333333,25.21
83,24900,6.916666666666666,25.4
84,25200,7.0,25.59
85,25500,7.083333333333333,25.842
86,25800,7.166666666666666,26.095
87,26100,7.25,26.348
88,26400,7.333333333333333,26.6
89,26700,7.416666666666666,26.852
90,27000,7.5,27.105
91,27300,7.583333333333333,27.357
92,27600,7.666666666666666,27.61
93,27900,7.75,27.862
94,28200,7.833333333333333,28.115
95,28500,7.916666666666666,28.368
96,28800,8.0,28.62
97,29100,8.083333333333332,28.838
98,29400,8.166666666666666,29.057
99,29700,8.25,29.275
100,30000,8.333333333333332,29.493
101,30300,8.416666666666666,29.712
102,30600,8.5,29.93
103,30900,8.583333333333332,30.148
104,31200,8.666666666666666,30.367
105,31500,8.75,30.585
106,31800,8.833333333333332,30.803
107,32100,8.916666666666666,31.022
108,32400,9.0,31.24
109,32700,9.083333333333332,31.408
110,33000,9.166666666666666,31.577
111,33300,9.25,31.745
112,33600,9.333333333333332,31.913
113,33900,9.416666666666666,32.082
114,34200,9.5,32.25
115,34500,9.583333333333332,32.418
116,34800,9.666666666666666,32.587
117,35100,9.75,32.755
118,35400,9.833333333333332,32.923
119,35700,9.916666666666666,33.092
120,36000,10.0,33.26
121,36300,10.083333333333332,33.396
122,36600,10.166666666666666,33.532
123,36900,10.25,33.668
124,37200,10.333333333333332,33.803
125,37500,10.416666666666666,33.939
126,37800,10.5,34.075
127,38100,10.583333333333332,34.211
128,38400,10.666666666666666,34.347
129,38700,10.75,34.482
130,39000,10.833333333333332,34.618
131,39300,10.916666666666666,34.754
132,39600,11.0,34.89
133,39900,11.083333333333332,34.972
134,40200,11.166666666666666,35.055
135,40500,11.25,35.138
136,40800,11.333333333333332,35.22
137,41100,11.416666666666666,35.302
138,41400,11.5,35.385
139,41700,11.583333333333332,35.468
140,42000,11.666666666666666,35.55
141,42300,11.75,35.632
142,42600,11.833333333333332,35.715
143,42900,11.916666666666666,35.798
144,43200,12.0,35.88
145,43500,12.083333333333332,35.898
146,43800,12.166666666666666,35.917
147,44100,12.25,35.935
148,44400,12.333333333333332,35.953
149,44700,12.416666666666666,35.972
150,45000,12.5,35.99
151,45300,12.583333333333332,36.008
152,45600,12.666666666666666,36.027
153,45900,12.75,36.045
154,46200,12.833333333333332,36.063
155,46500,12.916666666666666,36.082
156,46800,13.0,36.1
157,47100,13.083333333333332,36.099
158,47400,13.166666666666666,36.098
159,47700,13.25,36.098
160,48000,13.333333333333332,36.097
161,48300,13.416666666666666,36.096
162,48600,13.5,36.095
163,48900,13.583333333333332,36.094
164,49200,13.666666666666666,36.093
165,49500,13.75,36.092
166,49800,13.833333333333332,36.092
167,50100,13.916666666666666,36.091
168,50400,14.0,36.09
169,50700,14.083333333333332,36.028
170,51000,14.166666666666666,35.965
171,51300,14.25,35.902
172,51600,14.333333333333332,35.84
173,51900,14.416666666666666,35.778
174,52200,14.5,35.715
175,52500,14.583333333333332,35.652
176,52800,14.666666666666666,35.59
177,53100,14.75,35.528
178,53400,14.833333333333332,35.465
179,53700,14.916666666666666,35.402
180,54000,15.0,35.34
181,54300,15.083333333333332,35.262
182,54600,15.166666666666666,35.185
183,54900,15.25,35.108
184,55200,15.333333333333332,35.03
185,55500,15.416666666666666,34.952
186,55800,15.5,34.875
187,56100,15.583333333333332,34.798
188,56400,15.666666666666666,34.72
189,56700,15.75,34.642
190,57000,15.833333333333332,34.565
191,57300,15.916666666666666,34.488
192,57600,16.0,34.41
193,57900,16.083333333333332,34.288
194,58200,16.166666666666664,34.167
195,58500,16.25,34.045
196,58800,16.333333333333332,33.923
197,59100,16.416666666666664,33.802
198,59400,16.5,33.68
199,59700,16.583333333333332,33.558
200,60000,16.666666666666664,33.437
201,60300,16.75,33.315
202,60600,16.833333333333332,33.193
203,60900,16.916666666666664,33.072
204,61200,17.0,32.95
205,61500,17.083333333333332,32.751
206,61800,17.166666666666664,32.552
207,62100,17.25,32.352
208,62400,17.333333333333332,32.153
209,62700,17.416666666666664,31.954
210,63000,17.5,31.755
211,63300,17.583333333333332,31.556
212,63600,17.666666666666664,31.357
213,63900,17.75,31.158
214,64200,17.833333333333332,30.958
215,64500,17.916666666666664,30.759
216,64800,18.0,30.56
217,65100,18.083333333333332,30.422
218,65400,18.166666666666664,30.283
219,65700,18.25,30.145
220,66000,18.333333333333332,30.007
221,66300,18.416666666666664,29.868
222,66600,18.5,29.73
223,66900,18.583333333333332,29.592
224,67200,18.666666666666664,29.453
225,67500,18.75,29.315
226,67800,18.833333333333332,29.177
227,68100,18.916666666666664,29.038
228,68400,19.0,28.9
229,68700,19.083333333333332,28.815
230,69000,19.166666666666664,28.73
231,69300,19.25,28.645
232,69600,19.333333333333332,28.56
233,69900,19.416666666666664,28.475
234,70200,19.5,28.39
235,70500,19.583333333333332,28.305
236,70800,19.666666666666664,28.22
237,71100,19.75,28.135
238,71400,19.833333333333332,28.05
239,71700,19.916666666666664,27.965
240,72000,20.0,27.88
241,72300,20.083333333333332,27.806
242,72600,20.166666666666664,27.732
243,72900,20.25,27.658
244,73200,20.333333333333332,27.583
245,73500,20.416666666666664,27.509
246,73800,20.5,27.435
247,74100,20.583333333333332,27.361
248,74400,20.666666666666664,27.287
249,74700,20.75,27.212
250,75000,20.833333333333332,27.138
251,75300,20.916666666666664,27.064
252,75600,21.0,26.99
253,75900,21.083333333333332,26.878
254,76200,21.166666666666664,26.765
255,76500,21.25,26.652
256,76800,21.333333333333332,26.54
257,77100,21.416666666666664,26.428
258,77400,21.5,26.315
259,77700,21.583333333333332,26.202
260,78000,21.666666666666664,26.09
261,78300,21.75,25.978
262,78600,21.833333333333332,25.865
263,78900,21.916666666666664,25.753
264,79200,22.0,25.64
265,79500,22.083333333333332,25.562
266,79800,22.166666666666664,25.483
267,80100,22.25,25.405
268,80400,22.333333333333332,25.327
269,80700,22.416666666666664,25.248
270,81000,22.5,25.17
271,81300,22.583333333333332,25.092
272,81600,22.666666666666664,25.013
273,81900,22.75,24.935
274,82200,22.833333333333332,24.857
275,82500,22.916666666666664,24.778
276,82800,23.0,24.7
277,83100,23.083333333333332,24.649
278,83400,23.166666666666664,24.598
279,83700,23.25,24.548
280,84000,23.333333333333332,24.497
281,84300,23.416666666666664,24.446
282,84600,23.5,24.395
283,84900,23.583333333333332,24.344
284,85200,23.666666666666664,24.293
285,85500,23.75,24.242
286,85800,23.833333333333332,24.192
287,86100,23.916666666666664,24.141
288,86400,24.0,24.09
289,86700,24.083333333333332,24.05
290,87000,24.166666666666664,24.01
291,87300,24.25,23.97
292,87600,24.333333333333332,23.93
293,87900,24.416666666666664,23.89
294,88200,24.5,23.85
295,88500,24.583333333333332,23.81
296,88800,24.666666666666664,23.77
297,89100,24.75,23.73
298,89400,24.833333333333332,23.69
299,89700,24.916666666666664,23.65
300,90000,25.0,23.61
301,90300,25.083333333333332,23.578
302,90600,25.166666666666664,23.547
303,90900,25.25,23.515
304,91200,25.333333333333332,23.483
305,91500,25.416666666666664,23.452
306,91800,25.5,23.42
307,92100,25.583333333333332,23.388
308,92400,25.666666666666664,23.357
309,92700,25.75,23.325
310,93000,25.833333333333332,23.293
311,93300,25.916666666666664,23.262
312,93600,26.0,23.23
313,93900,26.083333333333332,23.205
314,94200,26.166666666666664,23.18
315,94500,26.25,23.155
316,94800,26.333333333333332,23.13
317,95100,26.416666666666664,23.105
318,95400,26.5,23.08
319,95700,26.583333333333332,23.055
320,96000,26.666666666666664,23.03
321,96300,26.75,23.005
322,96600,26.833333333333332,22.98
323,96900,26.916666666666664,22.955
324,97200,27.0,22.93
325,97500,27.083333333333332,22.915
326,97800,27.166666666666664,22.9
327,98100,27.25,22.885
328,98400,27.333333333333332,22.87
329,98700,27.416666666666664,22.855
330,99000,27.5,22.84
331,99300,27.583333333333332,22.825
332,99600,27.666666666666664,22.81
333,99900,27.75,22.795
334,100200,27.833333333333332,22.78
335,100500,27.916666666666664,22.765
336,100800,28.0,22.75
337,101100,28.083333333333332,22.748
338,101400,28.166666666666664,22.745
339,101700,28.25,22.742
340,102000,28.333333333333332,22.74
341,102300,28.416666666666664,22.738
342,102600,28.5,22.735
343,102900,28.583333333333332,22.732
344,103200,28.666666666666664,22.73
345,103500,28.75,22.728
346,103800,28.833333333333332,22.725
347,104100,28.916666666666664,22.722
348,104400,29.0,22.72
349,104700,29.083333333333332,22.815
350,105000,29.166666666666664,22.91
351,105300,29.25,23.005
352,105600,29.333333333333332,23.1
353,105900,29.416666666666664,23.195
354,106200,29.5,23.29
355,106500,29.583333333333332,23.385
356,106800,29.666666666666664,23.48
357,107100,29.75,23.575
358,107400,29.833333333333332,23.67
359,107700,29.916666666666664,23.765
360,108000,30.0,23.86
361,108300,30.083333333333332,24.062
362,108600,30.166666666666664,24.265
363,108900,30.25,24.468
364,109200,30.333333333333332,24.67
365,109500,30.416666666666664,24.872
366,109800,30.5,25.075
367,110100,30.583333333333332,25.277
368,110400,30.666666666666664,25.48
369,110700,30.75,25.682
370,111000,30.833333333333332,25.885
371,111300,30.916666666666664,26.087
372,111600,31.0,26.29
373,111900,31.083333333333332,26.488
374,112200,31.166666666666664,26.687
375,112500,31.25,26.885
376,112800,31.333333333333332,27.083
377,113100,31.416666666666664,27.282
378,113400,31.5,27.48
379,113700,31.583333333333332,27.678
380,114000,31.666666666666664,27.877
381,114300,31.75,28.075
382,114600,31.833333333333332,28.273
383,114900,31.916666666666664,28.472
384,115200,32.0,28.67
385,115500,32.08333333333333,28.829
386,115800,32.166666666666664,28.988
387,116100,32.25,29.148
388,116400,32.33333333333333,29.307
389,116700,32.416666666666664,29.466
390,117000,32.5,29.625
391,117300,32.58333333333333,29.784
392,117600,32.666666666666664,29.943
393,117900,32.75,30.102
394,118200,32.83333333333333,30.262
395,118500,32.916666666666664,30.421
396,118800,33.0,30.58
397,119100,33.08333333333333,30.73
398,119400,33.166666666666664,30.88
399,119700,33.25,31.03
400,120000,33.33333333333333,31.18
401,120300,33.416666666666664,31.33
402,120600,33.5,31.48
403,120900,33.58333333333333,31.63
404,121200,33.666666666666664,31.78
405,121500,33.75,31.93
406,121800,33.83333333333333,32.08
407,122100,33.916666666666664,32.23
408,122400,34.0,32.38
409,122700,34.08333333333333,32.498
410,123000,34.166666666666664,32.617
411,123300,34.25,32.735
412,123600,34.33333333333333,32.853
413,123900,34.416666666666664,32.972
414,124200,34.5,33.09
415,124500,34.58333333333333,33.208
416,124800,34.666666666666664,33.327
417,125100,34.75,33.445
418,125400,34.83333333333333,33.563
419,125700,34.916666666666664,33.682
420,126000,35.0,33.8
421,126300,35.08333333333333,33.88
422,126600,35.166666666666664,33.96
423,126900,35.25,34.04
424,127200,35.33333333333333,34.12
425,127500,35.416666666666664,34.2
426,127800,35.5,34.28
427,128100,35.58333333333333,34.36
428,128400,35.666666666666664,34.44
429,128700,35.75,34.52
430,129000,35.83333333333333,34.6
431,129300,35.916666666666664,34.68
432,129600,36.0,34.76
433,129900,36.08333333333333,34.8
434,130200,36.166666666666664,34.84
435,130500,36.25,34.88
436,130800,36.33333333333333,34.92
437,131100,36.416666666666664,34.96
438,131400,36.5,35.0
439,131700,36.58333333333333,35.04
440,132000,36.666666666666664,35.08
441,132300,36.75,35.12
442,132600,36.83333333333333,35.16
443,132900,36.916666666666664,35.2
444,133200,37.0,35.24
445,133500,37.08333333333333,35.222
446,133800,37.166666666666664,35.203
447,134100,37.25,35.185
448,134400,37.33333333333333,35.167
449,134700,37.416666666666664,35.148
450,135000,37.5,35.13
451,135300,37.58333333333333,35.112
452,135600,37.666666666666664,35.093
453,135900,37.75,35.075
454,136200,37.83333333333333,35.057
455,136500,37.916666666666664,35.038
456,136800,38.0,35.02
457,137100,38.08333333333333,34.984
458,137400,38.166666666666664,34.948
459,137700,38.25,34.912
460,138000,38.33333333333333,34.877
461,138300,38.416666666666664,34.841
462,138600,38.5,34.805
463,138900,38.58333333333333,34.769
464,139200,38.666666666666664,34.733
465,139500,38.75,34.698
466,139800,38.83333333333333,34.662
467,140100,38.916666666666664,34.626
468,140400,39.0,34.59
469,140700,39.08333333333333,34.494
470,141000,39.166666666666664,34.398
471,141300,39.25,34.302
472,141600,39.33333333333333,34.207
473,141900,39.416666666666664,34.111
474,142200,39.5,34.015
475,142500,39.58333333333333,33.919
476,142800,39.666666666666664,33.823
477,143100,39.75,33.728
478,143400,39.83333333333333,33.632
479,143700,39.916666666666664,33.536
480,144000,40.0,33.44
481,144300,40.08333333333333,33.318
482,144600,40.166666666666664,33.197
483,144900,40.25,33.075
484,145200,40.33333333333333,32.953
485,145500,40.416666666666664,32.832
486,145800,40.5,32.71
487,146100,40.58333333333333,32.588
488,146400,40.666666666666664,32.467
489,146700,40.75,32.345
490,147000,40.83333333333333,32.223
491,147300,40.916666666666664,32.102
492,147600,41.0,31.98
493,147900,41.08333333333333,31.798
494,148200,41.166666666666664,31.615
495,148500,41.25,31.432
496,148800,41.33333333333333,31.25
497,149100,41.416666666666664,31.068
498,149400,41.5,30.885
499,149700,41.58333333333333,30.703
500,150000,41.666666666666664,30.52
501,150300,41.75,30.338
502,150600,41.83333333333333,30.155
503,150900,41.916666666666664,29.973
504,151200,42.0,29.79
505,151500,42.08333333333333,29.707
506,151800,42.166666666666664,29.623
507,152100,42.25,29.54
508,152400,42.33333333333333,29.457
509,152700,42.416666666666664,29.373
510,153000,42.5,29.29
511,153300,42.58333333333333,29.207
512,153600,42.666666666666664,29.123
513,153900,42.75,29.04
514,154200,42.83333333333333,28.957
515,154500,42.916666666666664,28.873
516,154800,43.0,28.79
517,155100,43.08333333333333,28.718
518,155400,43.166666666666664,28.647
519,155700,43.25,28.575
520,156000,43.33333333333333,28.503
521,156300,43.416666666666664,28.432
522,156600,43.5,28.36
523,156900,43.58333333333333,28.288
524,157200,43.666666666666664,28.217
525,157500,43.75,28.145
526,157800,43.83333333333333,28.073
527,158100,43.916666666666664,28.002
528,158400,44.0,27.93
529,158700,44.08333333333333,27.866
530,159000,44.166666666666664,27.802
531,159300,44.25,27.738
532,159600,44.33333333333333,27.673
533,159900,44.416666666666664,27.609
534,160200,44.5,27.545
535,160500,44.58333333333333,27.481
536,160800,44.666666666666664,27.417
537,161100,44.75,27.352
538,161400,44.83333333333333,27.288
539,161700,44.916666666666664,27.224
540,162000,45.0,27.16
541,162300,45.08333333333333,27.102
542,162600,45.166666666666664,27.043
543,162900,45.25,26.985
544,163200,45.33333333333333,26.927
545,163500,45.416666666666664,26.868
546,163800,45.5,26.81
547,164100,45.58333333333333,26.752
548,164400,45.666666666666664,26.693
549,164700,45.75,26.635
550,165000,45.83333333333333,26.577
551,165300,45.916666666666664,26.518
552,165600,46.0,26.46
553,165900,46.08333333333333,26.408
554,166200,46.166666666666664,26.355
555,166500,46.25,26.303
556,166800,46.33333333333333,26.25
557,167100,46.416666666666664,26.198
558,167400,46.5,26.145
559,167700,46.58333333333333,26.092
560,168000,46.666666666666664,26.04
561,168300,46.75,25.987
562,168600,46.83333333333333,25.935
563,168900,46.916666666666664,25.882
564,169200,47.0,25.83
565,169500,47.08333333333333,25.779
566,169800,47.166666666666664,25.728
567,170100,47.25,25.678
568,170400,47.33333333333333,25.627
569,170700,47.416666666666664,25.576
570,171000,47.5,25.525
571,171300,47.58333333333333,25.474
572,171600,47.666666666666664,25.423
573,171900,47.75,25.372
574,172200,47.83333333333333,25.322
575,172500,47.916666666666664,25.271
576,172800,48.0,25.22
577,173100,48.08333333333333,25.179
578,173400,48.166666666666664,25.138
579,173700,48.25,25.098
580,174000,48.33333333333333,25.057
581,174300,48.416666666666664,25.016
582,174600,48.5,24.975
583,174900,48.58333333333333,24.934
584,175200,48.666666666666664,24.893
585,175500,48.75,24.852
586,175800,48.83333333333333,24.812
587,176100,48.916666666666664,24.771
588,176400,49.0,24.73
589,176700,49.08333333333333,24.701
590,177000,49.166666666666664,24.672
591,177300,49.25,24.642
592,177600,49.33333333333333,24.613
593,177900,49.416666666666664,24.584
594,178200,49.5,24.555
595,178500,49.58333333333333,24.526
596,178800,49.666666666666664,24.497
597,179100,49.75,24.468
598,179400,49.83333333333333,24.438
599,179700,49.916666666666664,24.409
600,180000,50.0,24.38
601,180300,50.08333333333333,24.352
602,180600,50.166666666666664,24.323
603,180900,50.25,24.295
604,181200,50.33333333333333,24.267
605,181500,50.416666666666664,24.238
606,181800,50.5,24.21
607,182100,50.58333333333333,24.182
608,182400,50.666666666666664,24.153
609,182700,50.75,24.125
610,183000,50.83333333333333,24.097
611,183300,50.916666666666664,24.068
612,183600,51.0,24.04
613,183900,51.08333333333333,24.011
614,184200,51.166666666666664,23.982
615,184500,51.25,23.952
616,184800,51.33333333333333,23.923
617,185100,51.416666666666664,23.894
618,185400,51.5,23.865
619,185700,51.58333333333333,23.836
620,186000,51.666666666666664,23.807
621,186300,51.75,23.778
622,186600,51.83333333333333,23.748
623,186900,51.916666666666664,23.719
624,187200,52.0,23.69
625,187500,52.08333333333333,23.67
626,187800,52.166666666666664,23.65
627,188100,52.25,23.63
628,188400,52.33333333333333,23.61
629,188700,52.416666666666664,23.59
630,189000,52.5,23.57
631,189300,52.58333333333333,23.55
632,189600,52.666666666666664,23.53
633,189900,52.75,23.51
634,190200,52.83333333333333,23.49
635,190500,52.916666666666664,23.47
636,190800,53.0,23.45
637,191100,53.08333333333333,23.515
638,191400,53.166666666666664,23.58
639,191700,53.25,23.645
640,192000,53.33333333333333,23.71
641,192300,53.416666666666664,23.775
642,192600,53.5,23.84
643,192900,53.58333333333333,23.905
644,193200,53.666666666666664,23.97
645,193500,53.75,24.035
646,193800,53.83333333333333,24.1
647,194100,53.916666666666664,24.165
648,194400,54.0,24.23
649,194700,54.08333333333333,24.422
650,195000,54.166666666666664,24.615
651,195300,54.25,24.808
652,195600,54.33333333333333,25.0
653,195900,54.416666666666664,25.192
654,196200,54.5,25.385
655,196500,54.58333333333333,25.577
656,196800,54.666666666666664,25.77
657,197100,54.75,25.962
658,197400,54.83333333333333,26.155
659,197700,54.916666666666664,26.347
660,198000,55.0,26.54
661,198300,55.08333333333333,26.731
662,198600,55.166666666666664,26.922
663,198900,55.25,27.112
664,199200,55.33333333333333,27.303
665,199500,55.416666666666664,27.494
666,199800,55.5,27.685
667,200100,55.58333333333333,27.876
668,200400,55.666666666666664,28.067
669,200700,55.75,28.258
670,201000,55.83333333333333,28.448
671,201300,55.916666666666664,28.639
672,201600,56.0,28.83
673,201900,56.08333333333333,28.988
674,202200,56.166666666666664,29.147
675,202500,56.25,29.305
676,202800,56.33333333333333,29.463
677,203100,56.416666666666664,29.622
678,203400,56.5,29.78
679,203700,56.58333333333333,29.938
680,204000,56.666666666666664,30.097
681,204300,56.75,30.255
682,204600,56.83333333333333,30.413
683,204900,56.916666666666664,30.572
684,205200,57.0,30.73
685,205500,57.08333333333333,30.906
686,205800,57.166666666666664,31.082
687,206100,57.25,31.258
688,206400,57.33333333333333,31.433
689,206700,57.416666666666664,31.609
690,207000,57.5,31.785
691,207300,57.58333333333333,31.961
692,207600,57.666666666666664,32.137
693,207900,57.75,32.312
694,208200,57.83333333333333,32.488
695,208500,57.916666666666664,32.664
696,208800,58.0,32.84
697,209100,58.08333333333333,32.983
698,209400,58.166666666666664,33.127
699,209700,58.25,33.27
700,210000,58.33333333333333,33.413
701,210300,58.416666666666664,33.557
702,210600,58.5,33.7
703,210900,58.58333333333333,33.843
704,211200,58.666666666666664,33.987
705,211500,58.75,34.13
706,211800,58.83333333333333,34.273
707,212100,58.916666666666664,34.417
708,212400,59.0,34.56
709,212700,59.08333333333333,34.647
710,213000,59.166666666666664,34.733
711,213300,59.25,34.82
712,213600,59.33333333333333,34.907
713,213900,59.416666666666664,34.993
714,214200,59.5,35.08
715,214500,59.58333333333333,35.167
716,214800,59.666666666666664,35.253
717,215100,59.75,35.34
718,215400,59.83333333333333,35.427
719,215700,59.916666666666664,35.513
720,216000,60.0,35.6
721,216300,60.08333333333333,35.63
722,216600,60.166666666666664,35.66
723,216900,60.25,35.69
724,217200,60.33333333333333,35.72
725,217500,60.416666666666664,35.75
726,217800,60.5,35.78
727,218100,60.58333333333333,35.81
728,218400,60.666666666666664,35.84
729,218700,60.75,35.87
730,219000,60.83333333333333,35.9
731,219300,60.916666666666664,35.93
732,219600,61.0,35.96
733,219900,61.08333333333333,35.922
734,220200,61.166666666666664,35.885
735,220500,61.25,35.848
736,220800,61.33333333333333,35.81
737,221100,61.416666666666664,35.772
738,221400,61.5,35.735
739,221700,61.58333333333333,35.698
740,222000,61.666666666666664,35.66
741,222300,61.75,35.622
742,222600,61.83333333333333,35.585
743,222900,61.916666666666664,35.548
744,223200,62.0,35.51
745,223500,62.08333333333333,35.408
746,223800,62.166666666666664,35.305
747,224100,62.25,35.202
748,224400,62.33333333333333,35.1
749,224700,62.416666666666664,34.998
750,225000,62.5,34.895
751,225300,62.58333333333333,34.793
752,225600,62.666666666666664,34.69
753,225900,62.75,34.588
754,226200,62.83333333333333,34.485
755,226500,62.916666666666664,34.383
756,226800,63.0,34.28
757,227100,63.08333333333333,34.124
758,227400,63.166666666666664,33.968
759,227700,63.25,33.812
760,228000,63.33333333333333,33.657
761,228300,63.416666666666664,33.501
762,228600,63.5,33.345
763,228900,63.58333333333333,33.189
764,229200,63.666666666666664,33.033
765,229500,63.75,32.878
766,229800,63.83333333333333,32.722
767,230100,63.916666666666664,32.566
768,230400,64.0,32.41
769,230700,64.08333333333333,32.209
770,231000,64.16666666666666,32.008
771,231300,64.25,31.807
772,231600,64.33333333333333,31.607
773,231900,64.41666666666666,31.406
774,232200,64.5,31.205
775,232500,64.58333333333333,31.004
776,232800,64.66666666666666,30.803
777,233100,64.75,30.602
778,233400,64.83333333333333,30.402
779,233700,64.91666666666666,30.201
780,234000,65.0,30.0
781,234300,65.08333333333333,29.844
782,234600,65.16666666666666,29.688
783,234900,65.25,29.532
784,235200,65.33333333333333,29.377
785,235500,65.41666666666666,29.221
786,235800,65.5,29.065
787,236100,65.58333333333333,28.909
788,236400,65.66666666666666,28.753
789,236700,65.75,28.598
790,237000,65.83333333333333,28.442
791,237300,65.91666666666666,28.286
792,237600,66.0,28.13
793,237900,66.08333333333333,28.038
794,238200,66.16666666666666,27.945
795,238500,66.25,27.852
796,238800,66.33333333333333,27.76
797,239100,66.41666666666666,27.668
798,239400,66.5,27.575
799,239700,66.58333333333333,27.483
800,240000,66.66666666666666,27.39
801,240300,66.75,27.298
802,240600,66.83333333333333,27.205
803,240900,66.91666666666666,27.113
804,241200,67.0,27.02
805,241500,67.08333333333333,26.947
806,241800,67.16666666666666,26.873
807,242100,67.25,26.8
808,242400,67.33333333333333,26.727
809,242700,67.41666666666666,26.653
810,243000,67.5,26.58
811,243300,67.58333333333333,26.507
812,243600,67.66666666666666,26.433
813,243900,67.75,26.36
814,244200,67.83333333333333,26.287
815,244500,67.91666666666666,26.213
816,244800,68.0,26.14
817,245100,68.08333333333333,26.071
818,245400,68.16666666666666,26.002
819,245700,68.25,25.932
820,246000,68.33333333333333,25.863
821,246300,68.41666666666666,25.794
822,246600,68.5,25.725
823,246900,68.58333333333333,25.656
824,247200,68.66666666666666,25.587
825,247500,68.75,25.518
826,247800,68.83333333333333,25.448
827,248100,68.91666666666666,25.379
828,248400,69.0,25.31
829,248700,69.08333333333333,25.249
830,249000,69.16666666666666,25.188
831,249300,69.25,25.127
832,249600,69.33333333333333,25.067
833,249900,69.41666666666666,25.006
834,250200,69.5,24.945
835,250500,69.58333333333333,24.884
836,250800,69.66666666666666,24.823
837,251100,69.75,24.762
838,251400,69.83333333333333,24.702
839,251700,69.91666666666666,24.641
840,252000,70.0,24.58
841,252300,70.08333333333333,24.517
842,252600,70.16666666666666,24.453
843,252900,70.25,24.39
844,253200,70.33333333333333,24.327
845,253500,70.41666666666666,24.263
846,253800,70.5,24.2
847,254100,70.58333333333333,24.137
848,254400,70.66666666666666,24.073
849,254700,70.75,24.01
850,255000,70.83333333333333,23.947
851,255300,70.91666666666666,23.883
852,255600,71.0,23.82
853,255900,71.08333333333333,23.777
854,256200,71.16666666666666,23.733
855,256500,71.25,23.69
856,256800,71.33333333333333,23.647
857,257100,71.41666666666666,23.603
858,257400,71.5,23.56
859,257700,71.58333333333333,23.517
860,258000,71.66666666666666,23.473
861,258300,71.75,23.43
862,258600,71.83333333333333,23.387
863,258900,71.91666666666666,23.343
864,259200,72.0,23.3
865,259500,72.08333333333333,23.276
866,259800,72.16666666666666,23.252
867,260100,72.25,23.228
868,260400,72.33333333333333,23.203
869,260700,72.41666666666666,23.179
870,261000,72.5,23.155
871,261300,72.58333333333333,23.131
872,261600,72.66666666666666,23.107
873,261900,72.75,23.083
874,262200,72.83333333333333,23.058
875,262500,72.91666666666666,23.034
876,262800,73.0,23.01
877,263100,73.08333333333333,23.008
878,263400,73.16666666666666,23.007
879,263700,73.25,23.005
880,264000,73.33333333333333,23.003
881,264300,73.41666666666666,23.002
882,264600,73.5,23.0
883,264900,73.58333333333333,22.998
884,265200,73.66666666666666,22.997
885,265500,73.75,22.995
886,265800,73.83333333333333,22.993
887,266100,73.91666666666666,22.992
888,266400,74.0,22.99
889,266700,74.08333333333333,22.982
890,267000,74.16666666666666,22.973
891,267300,74.25,22.965
892,267600,74.33333333333333,22.957
893,267900,74.41666666666666,22.948
894,268200,74.5,22.94
895,268500,74.58333333333333,22.932
896,268800,74.66666666666666,22.923
897,269100,74.75,22.915
898,269400,74.83333333333333,22.907
899,269700,74.91666666666666,22.898
900,270000,75.0,22.89
901,270300,75.08333333333333,22.876
902,270600,75.16666666666666,22.862
903,270900,75.25,22.848
904,271200,75.33333333333333,22.833
905,271500,75.41666666666666,22.819
906,271800,75.5,22.805
907,272100,75.58333333333333,22.791
908,272400,75.66666666666666,22.777
909,272700,75.75,22.762
910,273000,75.83333333333333,22.748
911,273300,75.91666666666666,22.734
912,273600,76.0,22.72
913,273900,76.08333333333333,22.709
914,274200,76.16666666666666,22.698
915,274500,76.25,22.688
916,274800,76.33333333333333,22.677
917,275100,76.41666666666666,22.666
918,275400,76.5,22.655
919,275700,76.58333333333333,22.644
920,276000,76.66666666666666,22.633
921,276300,76.75,22.622
922,276600,76.83333333333333,22.612
923,276900,76.91666666666666,22.601
924,277200,77.0,22.59
925,277500,77.08333333333333,22.633
926,277800,77.16666666666666,22.677
927,278100,77.25,22.72
928,278400,77.33333333333333,22.763
929,278700,77.41666666666666,22.807
930,279000,77.5,22.85
931,279300,77.58333333333333,22.893
932,279600,77.66666666666666,22.937
933,279900,77.75,22.98
934,280200,77.83333333333333,23.023
935,280500,77.91666666666666,23.067
936,280800,78.0,23.11
937,281100,78.08333333333333,23.197
938,281400,78.16666666666666,23.283
939,281700,78.25,23.37
940,282000,78.33333333333333,23.457
941,282300,78.41666666666666,23.543
942,282600,78.5,23.63
943,282900,78.58333333333333,23.717
944,283200,78.66666666666666,23.803
945,283500,78.75,23.89
946,283800,78.83333333333333,23.977
947,284100,78.91666666666666,24.063
948,284400,79.0,24.15
949,284700,79.08333333333333,24.282
950,285000,79.16666666666666,24.413
951,285300,79.25,24.545
952,285600,79.33333333333333,24.677
953,285900,79.41666666666666,24.808
954,286200,79.5,24.94
955,286500,79.58333333333333,25.072
956,286800,79.66666666666666,25.203
957,287100,79.75,25.335
958,287400,79.83333333333333,25.467
959,287700,79.91666666666666,25.598
960,288000,80.0,25.73
961,288300,80.08333333333333,25.92
962,288600,80.16666666666666,26.11
963,288900,80.25,26.3
964,289200,80.33333333333333,26.49
965,289500,80.41666666666666,26.68
966,289800,80.5,26.87
967,290100,80.58333333333333,27.06
968,290400,80.66666666666666,27.25
969,290700,80.75,27.44
970,291000,80.83333333333333,27.63
971,291300,80.91666666666666,27.82
972,291600,81.0,28.01
973,291900,81.08333333333333,28.185
974,292200,81.16666666666666,28.36
975,292500,81.25,28.535
976,292800,81.33333333333333,28.71
977,293100,81.41666666666666,28.885
978,293400,81.5,29.06
979,293700,81.58333333333333,29.235
980,294000,81.66666666666666,29.41
981,294300,81.75,29.585
982,294600,81.83333333333333,29.76
983,294900,81.91666666666666,29.935
984,295200,82.0,30.11
985,295500,82.08333333333333,30.234
986,295800,82.16666666666666,30.358
987,296100,82.25,30.482
988,296400,82.33333333333333,30.607
989,296700,82.41666666666666,30.731
990,297000,82.5,30.855
991,297300,82.58333333333333,30.979
992,297600,82.66666666666666,31.103
993,297900,82.75,31.228
994,298200,82.83333333333333,31.352
995,298500,82.91666666666666,31.476
996,298800,83.0,31.6
997,299100,83.08333333333333,31.678
998,299400,83.16666666666666,31.757
999,299700,83.25,31.835
1000,300000,83.33333333333333,31.913
1001,300300,83.41666666666666,31.992
1002,300600,83.5,32.07
1003,300900,83.58333333333333,32.148
1004,301200,83.66666666666666,32.227
1005,301500,83.75,32.305
1006,301800,83.83333333333333,32.383
1007,302100,83.91666666666666,32.462
1008,302400,84.0,32.54
1009,302700,84.08333333333333,32.582
1010,303000,84.16666666666666,32.623
1011,303300,84.25,32.665
1012,303600,84.33333333333333,32.707
1013,303900,84.41666666666666,32.748
1014,304200,84.5,32.79
1015,304500,84.58333333333333,32.832
1016,304800,84.66666666666666,32.873
1017,305100,84.75,32.915
1018,305400,84.83333333333333,32.957
1019,305700,84.91666666666666,32.998
1020,306000,85.0,33.04
1021,306300,85.08333333333333,33.042
1022,306600,85.16666666666666,33.045
1023,306900,85.25,33.048
1024,307200,85.33333333333333,33.05
1025,307500,85.41666666666666,33.052
1026,307800,85.5,33.055
1027,308100,85.58333333333333,33.058
1028,308400,85.66666666666666,33.06
1029,308700,85.75,33.062
1030,309000,85.83333333333333,33.065
1031,309300,85.91666666666666,33.068
1032,309600,86.0,33.07
1033,309900,86.08333333333333,33.032
1034,310200,86.16666666666666,32.993
1035,310500,86.25,32.955
1036,310800,86.33333333333333,32.917
1037,311100,86.41666666666666,32.878
1038,311400,86.5,32.84
1039,311700,86.58333333333333,32.802
1040,312000,86.66666666666666,32.763
1041,312300,86.75,32.725
1042,312600,86.83333333333333,32.687
1043,312900,86.91666666666666,32.648
1044,313200,87.0,32.61
1045,313500,87.08333333333333,32.524
1046,313800,87.16666666666666,32.438
1047,314100,87.25,32.352
1048,314400,87.33333333333333,32.267
1049,314700,87.41666666666666,32.181
1050,315000,87.5,32.095
1051,315300,87.58333333333333,32.009
1052,315600,87.66666666666666,31.923
1053,315900,87.75,31.838
1054,316200,87.83333333333333,31.752
1055,316500,87.91666666666666,31.666
1056,316800,88.0,31.58
1057,317100,88.08333333333333,31.371
1058,317400,88.16666666666666,31.162
1059,317700,88.25,30.952
1060,318000,88.33333333333333,30.743
1061,318300,88.41666666666666,30.534
1062,318600,88.5,30.325
1063,318900,88.58333333333333,30.116
1064,319200,88.66666666666666,29.907
1065,319500,88.75,29.697
1066,319800,88.83333333333333,29.488
1067,320100,88.91666666666666,29.279
1068,320400,89.0,29.07
1069,320700,89.08333333333333,28.879
1070,321000,89.16666666666666,28.688
1071,321300,89.25,28.498
1072,321600,89.33333333333333,28.307
1073,321900,89.41666666666666,28.116
1074,322200,89.5,27.925
1075,322500,89.58333333333333,27.734
1076,322800,89.66666666666666,27.543
1077,323100,89.75,27.352
1078,323400,89.83333333333333,27.162
1079,323700,89.91666666666666,26.971
1080,324000,90.0,26.78
1081,324300,90.08333333333333,26.709
1082,324600,90.16666666666666,26.638
1083,324900,90.25,26.568
1084,325200,90.33333333333333,26.497
1085,325500,90.41666666666666,26.426
1086,325800,90.5,26.355
1087,326100,90.58333333333333,26.284
1088,326400,90.66666666666666,26.213
1089,326700,90.75,26.142
1090,327000,90.83333333333333,26.072
1091,327300,90.91666666666666,26.001
1092,327600,91.0,25.93
1093,327900,91.08333333333333,25.858
1094,328200,91.16666666666666,25.785
1095,328500,91.25,25.712
1096,328800,91.33333333333333,25.64
1097,329100,91.41666666666666,25.568
1098,329400,91.5,25.495
1099,329700,91.58333333333333,25.423
1100,330000,91.66666666666666,25.35
1101,330300,91.75,25.278
1102,330600,91.83333333333333,25.205
1103,330900,91.91666666666666,25.133
1104,331200,92.0,25.06
1105,331500,92.08333333333333,24.993
1106,331800,92.16666666666666,24.925
1107,332100,92.25,24.857
1108,332400,92.33333333333333,24.79
1109,332700,92.41666666666666,24.723
1110,333000,92.5,24.655
1111,333300,92.58333333333333,24.588
1112,333600,92.66666666666666,24.52
1113,333900,92.75,24.452
1114,334200,92.83333333333333,24.385
1115,334500,92.91666666666666,24.318
1116,334800,93.0,24.25
1117,335100,93.08333333333333,24.193
1118,335400,93.16666666666666,24.135
1119,335700,93.25,24.078
1120,336000,93.33333333333333,24.02
1121,336300,93.41666666666666,23.963
1122,336600,93.5,23.905
1123,336900,93.58333333333333,23.848
1124,337200,93.66666666666666,23.79
1125,337500,93.75,23.732
1126,337800,93.83333333333333,23.675
1127,338100,93.91666666666666,23.618
1128,338400,94.0,23.56
1129,338700,94.08333333333333,23.508
1130,339000,94.16666666666666,23.455
1131,339300,94.25,23.402
1132,339600,94.33333333333333,23.35
1133,339900,94.41666666666666,23.298
1134,340200,94.5,23.245
1135,340500,94.58333333333333,23.193
1136,340800,94.66666666666666,23.14
1137,341100,94.75,23.088
1138,341400,94.83333333333333,23.035
1139,341700,94.91666666666666,22.983
1140,342000,95.0,22.93
1141,342300,95.08333333333333,22.882
1142,342600,95.16666666666666,22.833
1143,342900,95.25,22.785
1144,343200,95.33333333333333,22.737
1145,343500,95.41666666666666,22.688
1146,343800,95.5,22.64
1147,344100,95.58333333333333,22.592
1148,344400,95.66666666666666,22.543
1149,344700,95.75,22.495
1150,345000,95.83333333333333,22.447
1151,345300,95.91666666666666,22.398
1152,345600,96.0,22.35
1153,345900,96.08333333333333,22.305
1154,346200,96.16666666666666,22.26
1155,346500,96.25,22.215
1156,346800,96.33333333333333,22.17
1157,347100,96.41666666666666,22.125
1158,347400,96.5,22.08
1159,347700,96.58333333333333,22.035
1160,348000,96.66666666666666,21.99
1161,348300,96.75,21.945
1162,348600,96.83333333333333,21.9
1163,348900,96.91666666666666,21.855
1164,349200,97.0,21.81
1165,349500,97.08333333333333,21.771
1166,349800,97.16666666666666,21.732
1167,350100,97.25,21.692
1168,350400,97.33333333333333,21.653
1169,350700,97.41666666666666,21.614
1170,351000,97.5,21.575
1171,351300,97.58333333333333,21.536
1172,351600,97.66666666666666,21.497
1173,351900,97.75,21.458
1174,352200,97.83333333333333,21.418
1175,352500,97.91666666666666,21.379
1176,352800,98.0,21.34
1177,353100,98.08333333333333,21.303
1178,353400,98.16666666666666,21.267
1179,353700,98.25,21.23
1180,354000,98.33333333333333,21.193
1181,354300,98.41666666666666,21.157
1182,354600,98.5,21.12
1183,354900,98.58333333333333,21.083
1184,355200,98.66666666666666,21.047
1185,355500,98.75,21.01
1186,355800,98.83333333333333,20.973
1187,356100,98.91666666666666,20.937
1188,356400,99.0,20.9
1189,356700,99.08333333333333,20.868
1190,357000,99.16666666666666,20.837
1191,357300,99.25,20.805
1192,357600,99.33333333333333,20.773
1193,357900,99.41666666666666,20.742
1194,358200,99.5,20.71
1195,358500,99.58333333333333,20.678
1196,358800,99.66666666666666,20.647
1197,359100,99.75,20.615
1198,359400,99.83333333333333,20.583
1199,359700,99.91666666666666,20.552
1200,360000,100.0,20.52
1201,360300,100.08333333333333,20.503
1202,360600,100.16666666666666,20.487
1203,360900,100.25,20.47
1204,361200,100.33333333333333,20.453
1205,361500,100.41666666666666,20.437
1206,361800,100.5,20.42
1207,362100,100.58333333333333,20.403
1208,362400,100.66666666666666,20.387
1209,362700,100.75,20.37
1210,363000,100.83333333333333,20.353
1211,363300,100.91666666666666,20.337
1212,363600,101.0,20.32
1213,363900,101.08333333333333,20.472
1214,364200,101.16666666666666,20.625
1215,364500,101.25,20.778
1216,364800,101.33333333333333,20.93
1217,365100,101.41666666666666,21.082
1218,365400,101.5,21.235
1219,365700,101.58333333333333,21.387
1220,366000,101.66666666666666,21.54
1221,366300,101.75,21.692
1222,366600,101.83333333333333,21.845
1223,366900,101.91666666666666,21.997
1224,367200,102.0,22.15
1225,367500,102.08333333333333,22.395
1226,367800,102.16666666666666,22.64
1227,368100,102.25,22.885
1228,368400,102.33333333333333,23.13
1229,368700,102.41666666666666,23.375
1230,369000,102.5,23.62
1231,369300,102.58333333333333,23.865
1232,369600,102.66666666666666,24.11
1233,369900,102.75,24.355
1234,370200,102.83333333333333,24.6
1235,370500,102.91666666666666,24.845
1236,370800,103.0,25.09
1237,371100,103.08333333333333,25.322
1238,371400,103.16666666666666,25.553
1239,371700,103.25,25.785
1240,372000,103.33333333333333,26.017
1241,372300,103.41666666666666,26.248
1242,372600,103.5,26.48
1243,372900,103.58333333333333,26.712
1244,373200,103.66666666666666,26.943
1245,373500,103.75,27.175
1246,373800,103.83333333333333,27.407
1247,374100,103.91666666666666,27.638
1248,374400,104.0,27.87
1249,374700,104.08333333333333,28.074
1250,375000,104.16666666666666,28.278
1251,375300,104.25,28.482
1252,375600,104.33333333333333,28.687
1253,375900,104.41666666666666,28.891
1254,376200,104.5,29.095
1255,376500,104.58333333333333,29.299
1256,376800,104.66666666666666,29.503
1257,377100,104.75,29.708
1258,377400,104.83333333333333,29.912
1259,377700,104.91666666666666,30.116
1260,378000,105.0,30.32
1261,378300,105.08333333333333,30.482
1262,378600,105.16666666666666,30.645
1263,378900,105.25,30.808
1264,379200,105.33333333333333,30.97
1265,379500,105.41666666666666,31.132
1266,379800,105.5,31.295
1267,380100,105.58333333333333,31.457
1268,380400,105.66666666666666,31.62
1269,380700,105.75,31.783
1270,381000,105.83333333333333,31.945
1271,381300,105.91666666666666,32.107
1272,381600,106.0,32.27
1273,381900,106.08333333333333,32.38
1274,382200,106.16666666666666,32.49
1275,382500,106.25,32.6
1276,382800,106.33333333333333,32.71
1277,383100,106.41666666666666,32.82
1278,383400,106.5,32.93
1279,383700,106.58333333333333,33.04
1280,384000,106.66666666666666,33.15
1281,384300,106.75,33.26
1282,384600,106.83333333333333,33.37
1283,384900,106.91666666666666,33.48
1284,385200,107.0,33.59
1285,385500,107.08333333333333,33.649
1286,385800,107.16666666666666,33.708
1287,386100,107.25,33.768
1288,386400,107.33333333333333,33.827
1289,386700,107.41666666666666,33.886
1290,387000,107.5,33.945
1291,387300,107.58333333333333,34.004
1292,387600,107.66666666666666,34.063
1293,387900,107.75,34.122
1294,388200,107.83333333333333,34.182
1295,388500,107.91666666666666,34.241
1296,388800,108.0,34.3
1297,389100,108.08333333333333,34.327
1298,389400,108.16666666666666,34.353
1299,389700,108.25,34.38
1300,390000,108.33333333333333,34.407
1301,390300,108.41666666666666,34.433
1302,390600,108.5,34.46
1303,390900,108.58333333333333,34.487
1304,391200,108.66666666666666,34.513
1305,391500,108.75,34.54
1306,391800,108.83333333333333,34.567
1307,392100,108.91666666666666,34.593
1308,392400,109.0,34.62
1309,392700,109.08333333333333,34.613
1310,393000,109.16666666666666,34.607
1311,393300,109.25,34.6
1312,393600,109.33333333333333,34.593
1313,393900,109.41666666666666,34.587
1314,394200,109.5,34.58
1315,394500,109.58333333333333,34.573
1316,394800,109.66666666666666,34.567
1317,395100,109.75,34.56
1318,395400,109.83333333333333,34.553
1319,395700,109.91666666666666,34.547
1320,396000,110.0,34.54
1321,396300,110.08333333333333,34.491
1322,396600,110.16666666666666,34.442
1323,396900,110.25,34.392
1324,397200,110.33333333333333,34.343
1325,397500,110.41666666666666,34.294
1326,397800,110.5,34.245
1327,398100,110.58333333333333,34.196
1328,398400,110.66666666666666,34.147
1329,398700,110.75,34.098
1330,399000,110.83333333333333,34.048
1331,399300,110.91666666666666,33.999
1332,399600,111.0,33.95
1333,399900,111.08333333333333,33.855
1334,400200,111.16666666666666,33.76
1335,400500,111.25,33.665
1336,400800,111.33333333333333,33.57
1337,401100,111.41666666666666,33.475
1338,401400,111.5,33.38
1339,401700,111.58333333333333,33.285
1340,402000,111.66666666666666,33.19
1341,402300,111.75,33.095
1342,402600,111.83333333333333,33.0
1343,402900,111.91666666666666,32.905
1344,403200,112.0,32.81
1345,403500,112.08333333333333,32.621
1346,403800,112.16666666666666,32.432
1347,404100,112.25,32.242
1348,404400,112.33333333333333,32.053
1349,404700,112.41666666666666,31.864
1350,405000,112.5,31.675
1351,405300,112.58333333333333,31.486
1352,405600,112.66666666666666,31.297
1353,405900,112.75,31.108
1354,406200,112.83333333333333,30.918
1355,406500,112.91666666666666,30.729
1356,406800,113.0,30.54
1357,407100,113.08333333333333,30.286
1358,407400,113.16666666666666,30.032
1359,407700,113.25,29.778
1360,408000,113.33333333333333,29.523
1361,408300,113.41666666666666,29.269
1362,408600,113.5,29.015
1363,408900,113.58333333333333,28.761
1364,409200,113.66666666666666,28.507
1365,409500,113.75,28.252
1366,409800,113.83333333333333,27.998
1367,410100,113.91666666666666,27.744
1368,410400,114.0,27.49
1369,410700,114.08333333333333,27.407
1370,411000,114.16666666666666,27.323
1371,411300,114.25,27.24
1372,411600,114.33333333333333,27.157
1373,411900,114.41666666666666,27.073
1374,412200,114.5,26.99
1375,412500,114.58333333333333,26.907
1376,412800,114.66666666666666,26.823
1377,413100,114.75,26.74
1378,413400,114.83333333333333,26.657
1379,413700,114.91666666666666,26.573
1380,414000,115.0,26.49
1381,414300,115.08333333333333,26.419
1382,414600,115.16666666666666,26.348
1383,414900,115.25,26.278
1384,415200,115.33333333333333,26.207
1385,415500,115.41666666666666,26.136
1386,415800,115.5,26.065
1387,416100,115.58333333333333,25.994
1388,416400,115.66666666666666,25.923
1389,416700,115.75,25.852
1390,417000,115.83333333333333,25.782
1391,417300,115.91666666666666,25.711
1392,417600,116.0,25.64
1393,417900,116.08333333333333,25.578
1394,418200,116.16666666666666,25.515
1395,418500,116.25,25.452
1396,418800,116.33333333333333,25.39
1397,419100,116.41666666666666,25.328
1398,419400,116.5,25.265
1399,419700,116.58333333333333,25.203
1400,420000,116.66666666666666,25.14
1401,420300,116.75,25.078
1402,420600,116.83333333333333,25.015
1403,420900,116.91666666666666,24.953
1404,421200,117.0,24.89
1405,421500,117.08333333333333,24.832
1406,421800,117.16666666666666,24.773
1407,422100,117.25,24.715
1408,422400,117.33333333333333,24.657
1409,422700,117.41666666666666,24.598
1410,423000,117.5,24.54
1411,423300,117.58333333333333,24.482
1412,423600,117.66666666666666,24.423
1413,423900,117.75,24.365
1414,424200,117.83333333333333,24.307
1415,424500,117.91666666666666,24.248
1416,424800,118.0,24.19
1417,425100,118.08333333333333,24.133
1418,425400,118.16666666666666,24.077
1419,425700,118.25,24.02
1420,426000,118.33333333333333,23.963
1421,426300,118.41666666666666,23.907
1422,426600,118.5,23.85
1423,426900,118.58333333333333,23.793
1424,427200,118.66666666666666,23.737
1425,427500,118.75,23.68
1426,427800,118.83333333333333,23.623
1427,428100,118.91666666666666,23.567
1428,428400,119.0,23.51
1429,428700,119.08333333333333,23.457
1430,429000,119.16666666666666,23.403
1431,429300,119.25,23.35
1432,429600,119.33333333333333,23.297
1433,429900,119.41666666666666,23.243
1434,430200,119.5,23.19
1435,430500,119.58333333333333,23.137
1436,430800,119.66666666666666,23.083
1437,431100,119.75,23.03
1438,431400,119.83333333333333,22.977
1439,431700,119.91666666666666,22.923
1440,432000,120.0,22.87
1441,432300,120.08333333333333,22.82
1442,432600,120.16666666666666,22.77
1443,432900,120.25,22.72
1444,433200,120.33333333333333,22.67
1445,433500,120.41666666666666,22.62
1446,433800,120.5,22.57
1447,434100,120.58333333333333,22.52
1448,434400,120.66666666666666,22.47
1449,434700,120.75,22.42
1450,435000,120.83333333333333,22.37
1451,435300,120.91666666666666,22.32
1452,435600,121.0,22.27
1453,435900,121.08333333333333,22.221
1454,436200,121.16666666666666,22.172
1455,436500,121.25,22.122
1456,436800,121.33333333333333,22.073
1457,437100,121.41666666666666,22.024
1458,437400,121.5,21.975
1459,437700,121.58333333333333,21.926
1460,438000,121.66666666666666,21.877
1461,438300,121.75,21.828
1462,438600,121.83333333333333,21.778
1463,438900,121.91666666666666,21.729
1464,439200,122.0,21.68
1465,439500,122.08333333333333,21.633
1466,439800,122.16666666666666,21.587
1467,440100,122.25,21.54
1468,440400,122.33333333333333,21.493
1469,440700,122.41666666666666,21.447
1470,441000,122.5,21.4
1471,441300,122.58333333333333,21.353
1472,441600,122.66666666666666,21.307
1473,441900,122.75,21.26
1474,442200,122.83333333333333,21.213
1475,442500,122.91666666666666,21.167
1476,442800,123.0,21.12
1477,443100,123.08333333333333,21.08
1478,443400,123.16666666666666,21.04
1479,443700,123.25,21.0
1480,444000,123.33333333333333,20.96
1481,444300,123.41666666666666,20.92
1482,444600,123.5,20.88
1483,444900,123.58333333333333,20.84
1484,445200,123.66666666666666,20.8
1485,445500,123.75,20.76
1486,445800,123.83333333333333,20.72
1487,446100,123.91666666666666,20.68
1488,446400,124.0,20.64
1489,446700,124.08333333333333,20.617
1490,447000,124.16666666666666,20.593
1491,447300,124.25,20.57
1492,447600,124.33333333333333,20.547
1493,447900,124.41666666666666,20.523
1494,448200,124.5,20.5
1495,448500,124.58333333333333,20.477
1496,448800,124.66666666666666,20.453
1497,449100,124.75,20.43
1498,449400,124.83333333333333,20.407
1499,449700,124.91666666666666,20.383
1500,450000,125.0,20.36
1501,450300,125.08333333333333,20.539
1502,450600,125.16666666666666,20.718
1503,450900,125.25,20.898
1504,451200,125.33333333333333,21.077
1505,451500,125.41666666666666,21.256
1506,451800,125.5,21.435
1507,452100,125.58333333333333,21.614
1508,452400,125.66666666666666,21.793
1509,452700,125.75,21.972
1510,453000,125.83333333333333,22.152
1511,453300,125.91666666666666,22.331
1512,453600,126.0,22.51
1513,453900,126.08333333333333,22.762
1514,454200,126.16666666666666,23.015
1515,454500,126.25,23.268
1516,454800,126.33333333333333,23.52
1517,455100,126.41666666666666,23.772
1518,455400,126.5,24.025
1519,455700,126.58333333333333,24.277
1520,456000,126.66666666666666,24.53
1521,456300,126.75,24.782
1522,456600,126.83333333333333,25.035
1523,456900,126.91666666666666,25.287
1524,457200,127.0,25.54
1525,457500,127.08333333333333,25.776
1526,457800,127.16666666666666,26.012
1527,458100,127.25,26.248
1528,458400,127.33333333333333,26.483
1529,458700,127.41666666666666,26.719
1530,459000,127.5,26.955
1531,459300,127.58333333333333,27.191
1532,459600,127.66666666666666,27.427
1533,459900,127.75,27.662
1534,460200,127.83333333333333,27.898
1535,460500,127.91666666666666,28.134
1536,460800,128.0,28.37
1537,461100,128.08333333333331,28.572
1538,461400,128.16666666666666,28.775
1539,461700,128.25,28.978
1540,462000,128.33333333333331,29.18
1541,462300,128.41666666666666,29.382
1542,462600,128.5,29.585
1543,462900,128.58333333333331,29.787
1544,463200,128.66666666666666,29.99
1545,463500,128.75,30.193
1546,463800,128.83333333333331,30.395
1547,464100,128.91666666666666,30.597
1548,464400,129.0,30.8
1549,464700,129.08333333333331,30.975
1550,465000,129.16666666666666,31.15
1551,465300,129.25,31.325
1552,465600,129.33333333333331,31.5
1553,465900,129.41666666666666,31.675
1554,466200,129.5,31.85
1555,466500,129.58333333333331,32.025
1556,466800,129.66666666666666,32.2
1557,467100,129.75,32.375
1558,467400,129.83333333333331,32.55
1559,467700,129.91666666666666,32.725
1560,468000,130.0,32.9
1561,468300,130.08333333333331,33.038
1562,468600,130.16666666666666,33.177
1563,468900,130.25,33.315
1564,469200,130.33333333333331,33.453
1565,469500,130.41666666666666,33.592
1566,469800,130.5,33.73
1567,470100,130.58333333333331,33.868
1568,470400,130.66666666666666,34.007
1569,470700,130.75,34.145
1570,471000,130.83333333333331,34.283
1571,471300,130.91666666666666,34.422
1572,471600,131.0,34.56
1573,471900,131.08333333333331,34.651
1574,472200,131.16666666666666,34.742
1575,472500,131.25,34.832
1576,472800,131.33333333333331,34.923
1577,473100,131.41666666666666,35.014
1578,473400,131.5,35.105
1579,473700,131.58333333333331,35.196
1580,474000,131.66666666666666,35.287
1581,474300,131.75,35.378
1582,474600,131.83333333333331,35.468
1583,474900,131.91666666666666,35.559
1584,475200,132.0,35.65
1585,475500,132.08333333333331,35.695
1586,475800,132.16666666666666,35.74
1587,476100,132.25,35.785
1588,476400,132.33333333333331,35.83
1589,476700,132.41666666666666,35.875
1590,477000,132.5,35.92
1591,477300,132.58333333333331,35.965
1592,477600,132.66666666666666,36.01
1593,477900,132.75,36.055
1594,478200,132.83333333333331,36.1
1595,478500,132.91666666666666,36.145
1596,478800,133.0,36.19
1597,479100,133.08333333333331,36.188
1598,479400,133.16666666666666,36.185
1599,479700,133.25,36.182
1600,480000,133.33333333333331,36.18
1601,480300,133.41666666666666,36.177
1602,480600,133.5,36.175
1603,480900,133.58333333333331,36.172
1604,481200,133.66666666666666,36.17
1605,481500,133.75,36.168
1606,481800,133.83333333333331,36.165
1607,482100,133.91666666666666,36.162
1608,482400,134.0,36.16
1609,482700,134.08333333333331,36.109
1610,483000,134.16666666666666,36.058
1611,483300,134.25,36.007
1612,483600,134.33333333333331,35.957
1613,483900,134.41666666666666,35.906
1614,484200,134.5,35.855
1615,484500,134.58333333333331,35.804
1616,484800,134.66666666666666,35.753
1617,485100,134.75,35.702
1618,485400,134.83333333333331,35.652
1619,485700,134.91666666666666,35.601
1620,486000,135.0,35.55
1621,486300,135.08333333333331,35.448
1622,486600,135.16666666666666,35.345
1623,486900,135.25,35.242
1624,487200,135.33333333333331,35.14
1625,487500,135.41666666666666,35.038
1626,487800,135.5,34.935
1627,488100,135.58333333333331,34.833
1628,488400,135.66666666666666,34.73
1629,488700,135.75,34.628
1630,489000,135.83333333333331,34.525
1631,489300,135.91666666666666,34.423
1632,489600,136.0,34.32
1633,489900,136.08333333333331,34.101
1634,490200,136.16666666666666,33.882
1635,490500,136.25,33.662
1636,490800,136.33333333333331,33.443
1637,491100,136.41666666666666,33.224
1638,491400,136.5,33.005
1639,491700,136.58333333333331,32.786
1640,492000,136.66666666666666,32.567
1641,492300,136.75,32.348
1642,492600,136.83333333333331,32.128
1643,492900,136.91666666666666,31.909
1644,493200,137.0,31.69
1645,493500,137.08333333333331,31.403
1646,493800,137.16666666666666,31.117
1647,494100,137.25,30.83
1648,494400,137.33333333333331,30.543
1649,494700,137.41666666666666,30.257
1650,495000,137.5,29.97
1651,495300,137.58333333333331,29.683
1652,495600,137.66666666666666,29.397
1653,495900,137.75,29.11
1654,496200,137.83333333333331,28.823
1655,496500,137.91666666666666,28.537
1656,496800,138.0,28.25
1657,497100,138.08333333333331,28.153
1658,497400,138.16666666666666,28.057
1659,497700,138.25,27.96
1660,498000,138.33333333333331,27.863
1661,498300,138.41666666666666,27.767
1662,498600,138.5,27.67
1663,498900,138.58333333333331,27.573
1664,499200,138.66666666666666,27.477
1665,499500,138.75,27.38
1666,499800,138.83333333333331,27.283
1667,500100,138.91666666666666,27.187
1668,500400,139.0,27.09
1669,500700,139.08333333333331,26.998
1670,501000,139.16666666666666,26.905
1671,501300,139.25,26.812
1672,501600,139.33333333333331,26.72
1673,501900,139.41666666666666,26.628
1674,502200,139.5,26.535
1675,502500,139.58333333333331,26.443
1676,502800,139.66666666666666,26.35
1677,503100,139.75,26.258
1678,503400,139.83333333333331,26.165
1679,503700,139.91666666666666,26.073
1680,504000,140.0,25.98
1681,504300,140.08333333333331,25.891
1682,504600,140.16666666666666,25.802
1683,504900,140.25,25.712
1684,505200,140.33333333333331,25.623
1685,505500,140.41666666666666,25.534
1686,505800,140.5,25.445
1687,506100,140.58333333333331,25.356
1688,506400,140.66666666666666,25.267
1689,506700,140.75,25.178
1690,507000,140.83333333333331,25.088
1691,507300,140.91666666666666,24.999
1692,507600,141.0,24.91
1693,507900,141.08333333333331,24.832
1694,508200,141.16666666666666,24.753
1695,508500,141.25,24.675
1696,508800,141.33333333333331,24.597
1697,509100,141.41666666666666,24.518
1698,509400,141.5,24.44
1699,509700,141.58333333333331,24.362
1700,510000,141.66666666666666,24.283
1701,510300,141.75,24.205
1702,510600,141.83333333333331,24.127
1703,510900,141.91666666666666,24.048
1704,511200,142.0,23.97
1705,511500,142.08333333333331,23.908
1706,511800,142.16666666666666,23.847
1707,512100,142.25,23.785
1708,512400,142.33333333333331,23.723
1709,512700,142.41666666666666,23.662
1710,513000,142.5,23.6
1711,513300,142.58333333333331,23.538
1712,513600,142.66666666666666,23.477
1713,513900,142.75,23.415
1714,514200,142.83333333333331,23.353
1715,514500,142.91666666666666,23.292
1716,514800,143.0,23.23
1717,515100,143.08333333333331,23.177
1718,515400,143.16666666666666,23.123
1719,515700,143.25,23.07
1720,516000,143.33333333333331,23.017
1721,516300,143.41666666666666,22.963
1722,516600,143.5,22.91
1723,516900,143.58333333333331,22.857
1724,517200,143.66666666666666,22.803
1725,517500,143.75,22.75
1726,517800,143.83333333333331,22.697
1727,518100,143.91666666666666,22.643
1728,518400,144.0,22.59
1729,518700,144.08333333333331,22.548
1730,519000,144.16666666666666,22.507
1731,519300,144.25,22.465
1732,519600,144.33333333333331,22.423
1733,519900,144.41666666666666,22.382
1734,520200,144.5,22.34
1735,520500,144.58333333333331,22.298
1736,520800,144.66666666666666,22.257
1737,521100,144.75,22.215
1738,521400,144.83333333333331,22.173
1739,521700,144.91666666666666,22.132
1740,522000,145.0,22.09
1741,522300,145.08333333333331,22.056
1742,522600,145.16666666666666,22.022
1743,522900,145.25,21.988
1744,523200,145.33333333333331,21.953
1745,523500,145.41666666666666,21.919
1746,523800,145.5,21.885
1747,524100,145.58333333333331,21.851
1748,524400,145.66666666666666,21.817
1749,524700,145.75,21.782
1750,525000,145.83333333333331,21.748
1751,525300,145.91666666666666,21.714
1752,525600,146.0,21.68
1753,525900,146.08333333333331,21.653
1754,526200,146.16666666666666,21.627
1755,526500,146.25,21.6
1756,526800,146.33333333333331,21.573
1757,527100,146.41666666666666,21.547
1758,527400,146.5,21.52
1759,527700,146.58333333333331,21.493
1760,528000,146.66666666666666,21.467
1761,528300,146.75,21.44
1762,528600,146.83333333333331,21.413
1763,528900,146.91666666666666,21.387
1764,529200,147.0,21.36
1765,529500,147.08333333333331,21.344
1766,529800,147.16666666666666,21.328
1767,530100,147.25,21.312
1768,530400,147.33333333333331,21.297
1769,530700,147.41666666666666,21.281
1770,531000,147.5,21.265
1771,531300,147.58333333333331,21.249
1772,531600,147.66666666666666,21.233
1773,531900,147.75,21.218
1774,532200,147.83333333333331,21.202
1775,532500,147.91666666666666,21.186
1776,532800,148.0,21.17
1777,533100,148.08333333333331,21.192
1778,533400,148.16666666666666,21.213
1779,533700,148.25,21.235
1780,534000,148.33333333333331,21.257
1781,534300,148.41666666666666,21.278
1782,534600,148.5,21.3
1783,534900,148.58333333333331,21.322
1784,535200,148.66666666666666,21.343
1785,535500,148.75,21.365
1786,535800,148.83333333333331,21.387
1787,536100,148.91666666666666,21.408
1788,536400,149.0,21.43
1789,536700,149.08333333333331,21.565
1790,537000,149.16666666666666,21.7
1791,537300,149.25,21.835
1792,537600,149.33333333333331,21.97
1793,537900,149.41666666666666,22.105
1794,538200,149.5,22.24
1795,538500,149.58333333333331,22.375
1796,538800,149.66666666666666,22.51
1797,539100,149.75,22.645
1798,539400,149.83333333333331,22.78
1799,539700,149.91666666666666,22.915
1800,540000,150.0,23.05
1801,540300,150.08333333333331,23.287
1802,540600,150.16666666666666,23.523
1803,540900,150.25,23.76
1804,541200,150.33333333333331,23.997
1805,541500,150.41666666666666,24.233
1806,541800,150.5,24.47
1807,542100,150.58333333333331,24.707
1808,542400,150.66666666666666,24.943
1809,542700,150.75,25.18
1810,543000,150.83333333333331,25.417
1811,543300,150.91666666666666,25.653
1812,543600,151.0,25.89
1813,543900,151.08333333333331,26.116
1814,544200,151.16666666666666,26.342
1815,544500,151.25,26.568
1816,544800,151.33333333333331,26.793
1817,545100,151.41666666666666,27.019
1818,545400,151.5,27.245
1819,545700,151.58333333333331,27.471
1820,546000,151.66666666666666,27.697
1821,546300,151.75,27.922
1822,546600,151.83333333333331,28.148
1823,546900,151.91666666666666,28.374
1824,547200,152.0,28.6
1825,547500,152.08333333333331,28.791
1826,547800,152.16666666666666,28.982
1827,548100,152.25,29.172
1828,548400,152.33333333333331,29.363
1829,548700,152.41666666666666,29.554
1830,549000,152.5,29.745
1831,549300,152.58333333333331,29.936
1832,549600,152.66666666666666,30.127
1833,549900,152.75,30.318
1834,550200,152.83333333333331,30.508
1835,550500,152.91666666666666,30.699
1836,550800,153.0,30.89
1837,551100,153.08333333333331,31.052
1838,551400,153.16666666666666,31.215
1839,551700,153.25,31.378
1840,552000,153.33333333333331,31.54
1841,552300,153.41666666666666,31.702
1842,552600,153.5,31.865
1843,552900,153.58333333333331,32.027
1844,553200,153.66666666666666,32.19
1845,553500,153.75,32.353
1846,553800,153.83333333333331,32.515
1847,554100,153.91666666666666,32.677
1848,554400,154.0,32.84
1849,554700,154.08333333333331,32.959
1850,555000,154.16666666666666,33.078
1851,555300,154.25,33.198
1852,555600,154.33333333333331,33.317
1853,555900,154.41666666666666,33.436
1854,556200,154.5,33.555
1855,556500,154.58333333333331,33.674
1856,556800,154.66666666666666,33.793
1857,557100,154.75,33.912
1858,557400,154.83333333333331,34.032
1859,557700,154.91666666666666,34.151
1860,558000,155.0,34.27
1861,558300,155.08333333333331,34.326
1862,558600,155.16666666666666,34.382
1863,558900,155.25,34.438
1864,559200,155.33333333333331,34.493
1865,559500,155.41666666666666,34.549
1866,559800,155.5,34.605
1867,560100,155.58333333333331,34.661
1868,560400,155.66666666666666,34.717
1869,560700,155.75,34.772
1870,561000,155.83333333333331,34.828
1871,561300,155.91666666666666,34.884
1872,561600,156.0,34.94
1873,561900,156.08333333333331,34.946
1874,562200,156.16666666666666,34.952
1875,562500,156.25,34.957
1876,562800,156.33333333333331,34.963
1877,563100,156.41666666666666,34.969
1878,563400,156.5,34.975
1879,563700,156.58333333333331,34.981
1880,564000,156.66666666666666,34.987
1881,564300,156.75,34.992
1882,564600,156.83333333333331,34.998
1883,564900,156.91666666666666,35.004
1884,565200,157.0,35.01
1885,565500,157.08333333333331,34.95
1886,565800,157.16666666666666,34.89
1887,566100,157.25,34.83
1888,566400,157.33333333333331,34.77
1889,566700,157.41666666666666,34.71
1890,567000,157.5,34.65
1891,567300,157.58333333333331,34.59
1892,567600,157.66666666666666,34.53
1893,567900,157.75,34.47
1894,568200,157.83333333333331,34.41
1895,568500,157.91666666666666,34.35
1896,568800,158.0,34.29
1897,569100,158.08333333333331,34.233
1898,569400,158.16666666666666,34.175
1899,569700,158.25,34.118
1900,570000,158.33333333333331,34.06
1901,570300,158.41666666666666,34.003
1902,570600,158.5,33.945
1903,570900,158.58333333333331,33.888
1904,571200,158.66666666666666,33.83
1905,571500,158.75,33.772
1906,571800,158.83333333333331,33.715
1907,572100,158.91666666666666,33.658
1908,572400,159.0,33.6
1909,572700,159.08333333333331,33.514
1910,573000,159.16666666666666,33.428
1911,573300,159.25,33.342
1912,573600,159.33333333333331,33.257
1913,573900,159.41666666666666,33.171
1914,574200,159.5,33.085
1915,574500,159.58333333333331,32.999
1916,574800,159.66666666666666,32.913
1917,575100,159.75,32.828
1918,575400,159.83333333333331,32.742
1919,575700,159.91666666666666,32.656
1920,576000,160.0,32.57
1921,576300,160.08333333333331,32.423
1922,576600,160.16666666666666,32.277
1923,576900,160.25,32.13
1924,577200,160.33333333333331,31.983
1925,577500,160.41666666666666,31.837
1926,577800,160.5,31.69
1927,578100,160.58333333333331,31.543
1928,578400,160.66666666666666,31.397
1929,578700,160.75,31.25
1930,579000,160.83333333333331,31.103
1931,579300,160.91666666666666,30.957
1932,579600,161.0,30.81
1933,579900,161.08333333333331,30.638
1934,580200,161.16666666666666,30.467
1935,580500,161.25,30.295
1936,580800,161.33333333333331,30.123
1937,581100,161.41666666666666,29.952
1938,581400,161.5,29.78
1939,581700,161.58333333333331,29.608
1940,582000,161.66666666666666,29.437
1941,582300,161.75,29.265
1942,582600,161.83333333333331,29.093
1943,582900,161.91666666666666,28.922
1944,583200,162.0,28.75
1945,583500,162.08333333333331,28.681
1946,583800,162.16666666666666,28.612
1947,584100,162.25,28.542
1948,584400,162.33333333333331,28.473
1949,584700,162.41666666666666,28.404
1950,585000,162.5,28.335
1951,585300,162.58333333333331,28.266
1952,585600,162.66666666666666,28.197
1953,585900,162.75,28.128
1954,586200,162.83333333333331,28.058
1955,586500,162.91666666666666,27.989
1956,586800,163.0,27.92
1957,587100,163.08333333333331,27.851
1958,587400,163.16666666666666,27.782
1959,587700,163.25,27.713
1960,588000,163.33333333333331,27.643
1961,588300,163.41666666666666,27.574
1962,588600,163.5,27.505
1963,588900,163.58333333333331,27.436
1964,589200,163.66666666666666,27.367
1965,589500,163.75,27.298
1966,589800,163.83333333333331,27.228
1967,590100,163.91666666666666,27.159
1968,590400,164.0,27.09
1969,590700,164.08333333333331,27.007
1970,591000,164.16666666666666,26.923
1971,591300,164.25,26.84
1972,591600,164.33333333333331,26.757
1973,591900,164.41666666666666,26.673
1974,592200,164.5,26.59
1975,592500,164.58333333333331,26.507
1976,592800,164.66666666666666,26.423
1977,593100,164.75,26.34
1978,593400,164.83333333333331,26.257
1979,593700,164.91666666666666,26.173
1980,594000,165.0,26.09
1981,594300,165.08333333333331,26.03
1982,594600,165.16666666666666,25.97
1983,594900,165.25,25.91
1984,595200,165.33333333333331,25.85
1985,595500,165.41666666666666,25.79
1986,595800,165.5,25.73
1987,596100,165.58333333333331,25.67
1988,596400,165.66666666666666,25.61
1989,596700,165.75,25.55
1990,597000,165.83333333333331,25.49
1991,597300,165.91666666666666,25.43
1992,597600,166.0,25.37
1993,597900,166.08333333333331,25.319
1994,598200,166.16666666666666,25.268
1995,598500,166.25,25.218
1996,598800,166.33333333333331,25.167
1997,599100,166.41666666666666,25.116
1998,599400,166.5,25.065
1999,599700,166.58333333333331,25.014
2000,600000,166.66666666666666,24.963
2001,600300,166.75,24.912
2002,600600,166.83333333333331,24.862
2003,600900,166.91666666666666,24.811
2004,601200,167.0,24.76
2005,601500,167.08333333333331,24.714
2006,601800,167.16666666666666,24.668
2007,602100,167.25,24.623
2008,602400,167.33333333333331,24.577
2009,602700,167.41666666666666,24.531
2010,603000,167.5,24.485
2011,603300,167.58333333333331,24.439
2012,603600,167.66666666666666,24.393
2013,603900,167.75,24.348
2014,604200,167.83333333333331,24.302
2015,604500,167.91666666666666,24.256
2016,604800,168.0,24.21
2017,605100,168.08333333333331,24.168
2018,605400,168.16666666666666,24.125
2019,605700,168.25,24.082
2020,606000,168.33333333333331,24.04
2021,606300,168.41666666666666,23.998
2022,606600,168.5,23.955
2023,606900,168.58333333333331,23.913
2024,607200,168.66666666666666,23.87
2025,607500,168.75,23.828
2026,607800,168.83333333333331,23.785
2027,608100,168.91666666666666,23.743
2028,608400,169.0,23.7
2029,608700,169.08333333333331,23.669
2030,609000,169.16666666666666,23.638
2031,609300,169.25,23.607
2032,609600,169.33333333333331,23.577
2033,609900,169.41666666666666,23.546
2034,610200,169.5,23.515
2035,610500,169.58333333333331,23.484
2036,610800,169.66666666666666,23.453
2037,611100,169.75,23.422
2038,611400,169.83333333333331,23.392
2039,611700,169.91666666666666,23.361
2040,612000,170.0,23.33
2041,612300,170.08333333333331,23.302
2042,612600,170.16666666666666,23.273
2043,612900,170.25,23.245
2044,613200,170.33333333333331,23.217
2045,613500,170.41666666666666,23.188
2046,613800,170.5,23.16
2047,614100,170.58333333333331,23.132
2048,614400,170.66666666666666,23.103
2049,614700,170.75,23.075
2050,615000,170.83333333333331,23.047
2051,615300,170.91666666666666,23.018
2052,615600,171.0,22.99
2053,615900,171.08333333333331,22.969
2054,616200,171.16666666666666,22.948
2055,616500,171.25,22.928
2056,616800,171.33333333333331,22.907
2057,617100,171.41666666666666,22.886
2058,617400,171.5,22.865
2059,617700,171.58333333333331,22.844
2060,618000,171.66666666666666,22.823
2061,618300,171.75,22.802
2062,618600,171.83333333333331,22.782
2063,618900,171.91666666666666,22.761
2064,619200,172.0,22.74
2065,619500,172.08333333333331,22.733
2066,619800,172.16666666666666,22.727
2067,620100,172.25,22.72
2068,620400,172.33333333333331,22.713
2069,620700,172.41666666666666,22.707
2070,621000,172.5,22.7
2071,621300,172.58333333333331,22.693
2072,621600,172.66666666666666,22.687
2073,621900,172.75,22.68
2074,622200,172.83333333333331,22.673
2075,622500,172.91666666666666,22.667
2076,622800,173.0,22.66
2077,623100,173.08333333333331,22.777
2078,623400,173.16666666666666,22.893
2079,623700,173.25,23.01
2080,624000,173.33333333333331,23.127
2081,624300,173.41666666666666,23.243
2082,624600,173.5,23.36
2083,624900,173.58333333333331,23.477
2084,625200,173.66666666666666,23.593
2085,625500,173.75,23.71
2086,625800,173.83333333333331,23.827
2087,626100,173.91666666666666,23.943
2088,626400,174.0,24.06
2089,626700,174.08333333333331,24.262
2090,627000,174.16666666666666,24.463
2091,627300,174.25,24.665
2092,627600,174.33333333333331,24.867
2093,627900,174.41666666666666,25.068
2094,628200,174.5,25.27
2095,628500,174.58333333333331,25.472
2096,628800,174.66666666666666,25.673
2097,629100,174.75,25.875
2098,629400,174.83333333333331,26.077
2099,629700,174.91666666666666,26.278
2100,630000,175.0,26.48
2101,630300,175.08333333333331,26.655
2102,630600,175.16666666666666,26.83
2103,630900,175.25,27.005
2104,631200,175.33333333333331,27.18
2105,631500,175.41666666666666,27.355
2106,631800,175.5,27.53
2107,632100,175.58333333333331,27.705
2108,632400,175.66666666666666,27.88
2109,632700,175.75,28.055
2110,633000,175.83333333333331,28.23
2111,633300,175.91666666666666,28.405
2112,633600,176.0,28.58
2113,633900,176.08333333333331,28.708
2114,634200,176.16666666666666,28.837
2115,634500,176.25,28.965
2116,634800,176.33333333333331,29.093
2117,635100,176.41666666666666,29.222
2118,635400,176.5,29.35
2119,635700,176.58333333333331,29.478
2120,636000,176.66666666666666,29.607
2121,636300,176.75,29.735
2122,636600,176.83333333333331,29.863
2123,636900,176.91666666666666,29.992
2124,637200,177.0,30.12
2125,637500,177.08333333333331,30.217
2126,637800,177.16666666666666,30.315
2127,638100,177.25,30.412
2128,638400,177.33333333333331,30.51
2129,638700,177.41666666666666,30.607
2130,639000,177.5,30.705
2131,639300,177.58333333333331,30.802
2132,639600,177.66666666666666,30.9
2133,639900,177.75,30.998
2134,640200,177.83333333333331,31.095
2135,640500,177.91666666666666,31.192
2136,640800,178.0,31.29
2137,641100,178.08333333333331,31.359
2138,641400,178.16666666666666,31.428
2139,641700,178.25,31.498
2140,642000,178.33333333333331,31.567
2141,642300,178.41666666666666,31.636
2142,642600,178.5,31.705
2143,642900,178.58333333333331,31.774
2144,643200,178.66666666666666,31.843
2145,643500,178.75,31.912
2146,643800,178.83333333333331,31.982
2147,644100,178.91666666666666,32.051
2148,644400,179.0,32.12
2149,644700,179.08333333333331,32.157
2150,645000,179.16666666666666,32.195
2151,645300,179.25,32.232
2152,645600,179.33333333333331,32.27
2153,645900,179.41666666666666,32.307
2154,646200,179.5,32.345
2155,646500,179.58333333333331,32.382
2156,646800,179.66666666666666,32.42
2157,647100,179.75,32.457
2158,647400,179.83333333333331,32.495
2159,647700,179.91666666666666,32.532
2160,648000,180.0,32.57
2161,648300,180.08333333333331,32.527
2162,648600,180.16666666666666,32.483
2163,648900,180.25,32.44
2164,649200,180.33333333333331,32.397
2165,649500,180.41666666666666,32.353
2166,649800,180.5,32.31
2167,650100,180.58333333333331,32.267
2168,650400,180.66666666666666,32.223
2169,650700,180.75,32.18
2170,651000,180.83333333333331,32.137
2171,651300,180.91666666666666,32.093
2172,651600,181.0,32.05
2173,651900,181.08333333333331,31.954
2174,652200,181.16666666666666,31.858
2175,652500,181.25,31.762
2176,652800,181.33333333333331,31.667
2177,653100,181.41666666666666,31.571
2178,653400,181.5,31.475
2179,653700,181.58333333333331,31.379
2180,654000,181.66666666666666,31.283
2181,654300,181.75,31.188
2182,654600,181.83333333333331,31.092
2183,654900,181.91666666666666,30.996
2184,655200,182.0,30.9
2185,655500,182.08333333333331,30.82
2186,655800,182.16666666666666,30.74
2187,656100,182.25,30.66
2188,656400,182.33333333333331,30.58
2189,656700,182.41666666666666,30.5
2190,657000,182.5,30.42
2191,657300,182.58333333333331,30.34
2192,657600,182.66666666666666,30.26
2193,657900,182.75,30.18
2194,658200,182.83333333333331,30.1
2195,658500,182.91666666666666,30.02
2196,658800,183.0,29.94
2197,659100,183.08333333333331,29.879
2198,659400,183.16666666666666,29.818
2199,659700,183.25,29.758
2200,660000,183.33333333333331,29.697
2201,660300,183.41666666666666,29.636
2202,660600,183.5,29.575
2203,660900,183.58333333333331,29.514
2204,661200,183.66666666666666,29.453
2205,661500,183.75,29.393
2206,661800,183.83333333333331,29.332
2207,662100,183.91666666666666,29.271
2208,662400,184.0,29.21
2209,662700,184.08333333333331,29.095
2210,663000,184.16666666666666,28.98
2211,663300,184.25,28.865
2212,663600,184.33333333333331,28.75
2213,663900,184.41666666666666,28.635
2214,664200,184.5,28.52
2215,664500,184.58333333333331,28.405
2216,664800,184.66666666666666,28.29
2217,665100,184.75,28.175
2218,665400,184.83333333333331,28.06
2219,665700,184.91666666666666,27.945
2220,666000,185.0,27.83
2221,666300,185.08333333333331,27.655
2222,666600,185.16666666666666,27.48
2223,666900,185.25,27.305
2224,667200,185.33333333333331,27.13
2225,667500,185.41666666666666,26.955
2226,667800,185.5,26.78
2227,668100,185.58333333333331,26.605
2228,668400,185.66666666666666,26.43
2229,668700,185.75,26.255
2230,669000,185.83333333333331,26.08
2231,669300,185.91666666666666,25.905
2232,669600,186.0,25.73
2233,669900,186.08333333333331,25.647
2234,670200,186.16666666666666,25.563
2235,670500,186.25,25.48
2236,670800,186.33333333333331,25.397
2237,671100,186.41666666666666,25.313
2238,671400,186.5,25.23
2239,671700,186.58333333333331,25.147
2240,672000,186.66666666666666,25.063
2241,672300,186.75,24.98
2242,672600,186.83333333333331,24.897
