timestamp_raw,timestamp_utc,ambient_temp_c,elapsed_hours
2018050100,2018-05-01 00:00:00+00:00,23.73,0.0
2018050101,2018-05-01 01:00:00+00:00,23.23,1.0
2018050102,2018-05-01 02:00:00+00:00,22.75,2.0
2018050103,2018-05-01 03:00:00+00:00,22.41,3.0
2018050104,2018-05-01 04:00:00+00:00,22.21,4.0
2018050105,2018-05-01 05:00:00+00:00,22.2,5.0
2018050106,2018-05-01 06:00:00+00:00,23.31,6.0
2018050107,2018-05-01 07:00:00+00:00,25.59,7.0
2018050108,2018-05-01 08:00:00+00:00,28.62,8.0
2018050109,2018-05-01 09:00:00+00:00,31.24,9.0
2018050110,2018-05-01 10:00:00+00:00,33.26,10.0
2018050111,2018-05-01 11:00:00+00:00,34.89,11.0
2018050112,2018-05-01 12:00:00+00:00,35.88,12.0
2018050113,2018-05-01 13:00:00+00:00,36.1,13.0
2018050114,2018-05-01 14:00:00+00:00,36.09,14.0
2018050115,2018-05-01 15:00:00+00:00,35.34,15.0
2018050116,2018-05-01 16:00:00+00:00,34.41,16.0
2018050117,2018-05-01 17:00:00+00:00,32.95,17.0
2018050118,2018-05-01 18:00:00+00:00,30.56,18.0
2018050119,2018-05-01 19:00:00+00:00,28.9,19.0
2018050120,2018-05-01 20:00:00+00:00,27.88,20.0
2018050121,2018-05-01 21:00:00+00:00,26.99,21.0
2018050122,2018-05-01 22:00:00+00:00,25.64,22.0
2018050123,2018-05-01 23:00:00+00:00,24.7,23.0
2018050200,2018-05-02 00:00:00+00:00,24.09,24.0
2018050201,2018-05-02 01:00:00+00:00,23.61,25.0
2018050202,2018-05-02 02:00:00+00:00,23.23,26.0
2018050203,2018-05-02 03:00:00+00:00,22.93,27.0
2018050204,2018-05-02 04:00:00+00:00,22.75,28.0
2018050205,2018-05-02 05:00:00+00:00,22.72,29.0
2018050206,2018-05-02 06:00:00+00:00,23.86,30.0
2018050207,2018-05-02 07:00:00+00:00,26.29,31.0
2018050208,2018-05-02 08:00:00+00:00,28.67,32.0
2018050209,2018-05-02 09:00:00+00:00,30.58,33.0
2018050210,2018-05-02 10:00:00+00:00,32.38,34.0
2018050211,2018-05-02 11:00:00+00:00,33.8,35.0
2018050212,2018-05-02 12:00:00+00:00,34.76,36.0
2018050213,2018-05-02 13:00:00+00:00,35.24,37.0
2018050214,2018-05-02 14:00:00+00:00,35.02,38.0
2018050215,2018-05-02 15:00:00+00:00,34.59,39.0
2018050216,2018-05-02 16:00:00+00:00,33.44,40.0
2018050217,2018-05-02 17:00:00+00:00,31.98,41.0
2018050218,2018-05-02 18:00:00+00:00,29.79,42.0
2018050219,2018-05-02 19:00:00+00:00,28.79,43.0
2018050220,2018-05-02 20:00:00+00:00,27.93,44.0
2018050221,2018-05-02 21:00:00+00:00,27.16,45.0
2018050222,2018-05-02 22:00:00+00:00,26.46,46.0
2018050223,2018-05-02 23:00:00+00:00,25.83,47.0
2018050300,2018-05-03 00:00:00+00:00,25.22,48.0
2018050301,2018-05-03 01:00:00+00:00,24.73,49.0
2018050302,2018-05-03 02:00:00+00:00,24.38,50.0
2018050303,2018-05-03 03:00:00+00:00,24.04,51.0
2018050304,2018-05-03 04:00:00+00:00,23.69,52.0
2018050305,2018-05-03 05:00:00+00:00,23.45,53.0
2018050306,2018-05-03 06:00:00+00:00,24.23,54.0
2018050307,2018-05-03 07:00:00+00:00,26.54,55.0
2018050308,2018-05-03 08:00:00+00:00,28.83,56.0
2018050309,2018-05-03 09:00:00+00:00,30.73,57.0
2018050310,2018-05-03 10:00:00+00:00,32.84,58.0
2018050311,2018-05-03 11:00:00+00:00,34.56,59.0
2018050312,2018-05-03 12:00:00+00:00,35.6,60.0
2018050313,2018-05-03 13:00:00+00:00,35.96,61.0
2018050314,2018-05-03 14:00:00+00:00,35.51,62.0
2018050315,2018-05-03 15:00:00+00:00,34.28,63.0
2018050316,2018-05-03 16:00:00+00:00,32.41,64.0
2018050317,2018-05-03 17:00:00+00:00,30.0,65.0
2018050318,2018-05-03 18:00:00+00:00,28.13,66.0
2018050319,2018-05-03 19:00:00+00:00,27.02,67.0
2018050320,2018-05-03 20:00:00+00:00,26.14,68.0
2018050321,2018-05-03 21:00:00+00:00,25.31,69.0
2018050322,2018-05-03 22:00:00+00:00,24.58,70.0
2018050323,2018-05-03 23:00:00+00:00,23.82,71.0
2018050400,2018-05-04 00:00:00+00:00,23.3,72.0
2018050401,2018-05-04 01:00:00+00:00,23.01,73.0
2018050402,2018-05-04 02:00:00+00:00,22.99,74.0
2018050403,2018-05-04 03:00:00+00:00,22.89,75.0
2018050404,2018-05-04 04:00:00+00:00,22.72,76.0
2018050405,2018-05-04 05:00:00+00:00,22.59,77.0
2018050406,2018-05-04 06:00:00+00:00,23.11,78.0
2018050407,2018-05-04 07:00:00+00:00,24.15,79.0
2018050408,2018-05-04 08:00:00+00:00,25.73,80.0
2018050409,2018-05-04 09:00:00+00:00,28.01,81.0
2018050410,2018-05-04 10:00:00+00:00,30.11,82.0
2018050411,2018-05-04 11:00:00+00:00,31.6,83.0
2018050412,2018-05-04 12:00:00+00:00,32.54,84.0
2018050413,2018-05-04 13:00:00+00:00,33.04,85.0
2018050414,2018-05-04 14:00:00+00:00,33.07,86.0
2018050415,2018-05-04 15:00:00+00:00,32.61,87.0
2018050416,2018-05-04 16:00:00+00:00,31.58,88.0
2018050417,2018-05-04 17:00:00+00:00,29.07,89.0
2018050418,2018-05-04 18:00:00+00:00,26.78,90.0
2018050419,2018-05-04 19:00:00+00:00,25.93,91.0
2018050420,2018-05-04 20:00:00+00:00,25.06,92.0
2018050421,2018-05-04 21:00:00+00:00,24.25,93.0
2018050422,2018-05-04 22:00:00+00:00,23.56,94.0
2018050423,2018-05-04 23:00:00+00:00,22.93,95.0
2018050500,2018-05-05 00:00:00+00:00,22.35,96.0
2018050501,2018-05-05 01:00:00+00:00,21.81,97.0
2018050502,2018-05-05 02:00:00+00:00,21.34,98.0
2018050503,2018-05-05 03:00:00+00:00,20.9,99.0
2018050504,2018-05-05 04:00:00+00:00,20.52,100.0
2018050505,2018-05-05 05:00:00+00:00,20.32,101.0
2018050506,2018-05-05 06:00:00+00:00,22.15,102.0
2018050507,2018-05-05 07:00:00+00:00,25.09,103.0
2018050508,2018-05-05 08:00:00+00:00,27.87,104.0
2018050509,2018-05-05 09:00:00+00:00,30.32,105.0
2018050510,2018-05-05 10:00:00+00:00,32.27,106.0
2018050511,2018-05-05 11:00:00+00:00,33.59,107.0
2018050512,2018-05-05 12:00:00+00:00,34.3,108.0
2018050513,2018-05-05 13:00:00+00:00,34.62,109.0
2018050514,2018-05-05 14:00:00+00:00,34.54,110.0
2018050515,2018-05-05 15:00:00+00:00,33.95,111.0
2018050516,2018-05-05 16:00:00+00:00,32.81,112.0
2018050517,2018-05-05 17:00:00+00:00,30.54,113.0
2018050518,2018-05-05 18:00:00+00:00,27.49,114.0
2018050519,2018-05-05 19:00:00+00:00,26.49,115.0
2018050520,2018-05-05 20:00:00+00:00,25.64,116.0
2018050521,2018-05-05 21:00:00+00:00,24.89,117.0
2018050522,2018-05-05 22:00:00+00:00,24.19,118.0
2018050523,2018-05-05 23:00:00+00:00,23.51,119.0
2018050600,2018-05-06 00:00:00+00:00,22.87,120.0
2018050601,2018-05-06 01:00:00+00:00,22.27,121.0
2018050602,2018-05-06 02:00:00+00:00,21.68,122.0
2018050603,2018-05-06 03:00:00+00:00,21.12,123.0
2018050604,2018-05-06 04:00:00+00:00,20.64,124.0
2018050605,2018-05-06 05:00:00+00:00,20.36,125.0
2018050606,2018-05-06 06:00:00+00:00,22.51,126.0
2018050607,2018-05-06 07:00:00+00:00,25.54,127.0
2018050608,2018-05-06 08:00:00+00:00,28.37,128.0
2018050609,2018-05-06 09:00:00+00:00,30.8,129.0
2018050610,2018-05-06 10:00:00+00:00,32.9,130.0
2018050611,2018-05-06 11:00:00+00:00,34.56,131.0
2018050612,2018-05-06 12:00:00+00:00,35.65,132.0
2018050613,2018-05-06 13:00:00+00:00,36.19,133.0
2018050614,2018-05-06 14:00:00+00:00,36.16,134.0
2018050615,2018-05-06 15:00:00+00:00,35.55,135.0
2018050616,2018-05-06 16:00:00+00:00,34.32,136.0
2018050617,2018-05-06 17:00:00+00:00,31.69,137.0
2018050618,2018-05-06 18:00:00+00:00,28.25,138.0
2018050619,2018-05-06 19:00:00+00:00,27.09,139.0
2018050620,2018-05-06 20:00:00+00:00,25.98,140.0
2018050621,2018-05-06 21:00:00+00:00,24.91,141.0
2018050622,2018-05-06 22:00:00+00:00,23.97,142.0
2018050623,2018-05-06 23:00:00+00:00,23.23,143.0
2018050700,2018-05-07 00:00:00+00:00,22.59,144.0
2018050701,2018-05-07 01:00:00+00:00,22.09,145.0
2018050702,2018-05-07 02:00:00+00:00,21.68,146.0
2018050703,2018-05-07 03:00:00+00:00,21.36,147.0
2018050704,2018-05-07 04:00:00+00:00,21.17,148.0
2018050705,2018-05-07 05:00:00+00:00,21.43,149.0
2018050706,2018-05-07 06:00:00+00:00,23.05,150.0
2018050707,2018-05-07 07:00:00+00:00,25.89,151.0
2018050708,2018-05-07 08:00:00+00:00,28.6,152.0
2018050709,2018-05-07 09:00:00+00:00,30.89,153.0
2018050710,2018-05-07 10:00:00+00:00,32.84,154.0
2018050711,2018-05-07 11:00:00+00:00,34.27,155.0
2018050712,2018-05-07 12:00:00+00:00,34.94,156.0
2018050713,2018-05-07 13:00:00+00:00,35.01,157.0
2018050714,2018-05-07 14:00:00+00:00,34.29,158.0
2018050715,2018-05-07 15:00:00+00:00,33.6,159.0
2018050716,2018-05-07 16:00:00+00:00,32.57,160.0
2018050717,2018-05-07 17:00:00+00:00,30.81,161.0
2018050718,2018-05-07 18:00:00+00:00,28.75,162.0
2018050719,2018-05-07 19:00:00+00:00,27.92,163.0
2018050720,2018-05-07 20:00:00+00:00,27.09,164.0
2018050721,2018-05-07 21:00:00+00:00,26.09,165.0
2018050722,2018-05-07 22:00:00+00:00,25.37,166.0
2018050723,2018-05-07 23:00:00+00:00,24.76,167.0
2018050800,2018-05-08 00:00:00+00:00,24.21,168.0
2018050801,2018-05-08 01:00:00+00:00,23.7,169.0
2018050802,2018-05-08 02:00:00+00:00,23.33,170.0
2018050803,2018-05-08 03:00:00+00:00,22.99,171.0
2018050804,2018-05-08 04:00:00+00:00,22.74,172.0
2018050805,2018-05-08 05:00:00+00:00,22.66,173.0
2018050806,2018-05-08 06:00:00+00:00,24.06,174.0
2018050807,2018-05-08 07:00:00+00:00,26.48,175.0
2018050808,2018-05-08 08:00:00+00:00,28.58,176.0
2018050809,2018-05-08 09:00:00+00:00,30.12,177.0
2018050810,2018-05-08 10:00:00+00:00,31.29,178.0
2018050811,2018-05-08 11:00:00+00:00,32.12,179.0
2018050812,2018-05-08 12:00:00+00:00,32.57,180.0
2018050813,2018-05-08 13:00:00+00:00,32.05,181.0
2018050814,2018-05-08 14:00:00+00:00,30.9,182.0
2018050815,2018-05-08 15:00:00+00:00,29.94,183.0
2018050816,2018-05-08 16:00:00+00:00,29.21,184.0
2018050817,2018-05-08 17:00:00+00:00,27.83,185.0
2018050818,2018-05-08 18:00:00+00:00,25.73,186.0
2018050819,2018-05-08 19:00:00+00:00,24.73,187.0
2018050820,2018-05-08 20:00:00+00:00,24.05,188.0
2018050821,2018-05-08 21:00:00+00:00,23.44,189.0
2018050822,2018-05-08 22:00:00+00:00,22.91,190.0
2018050823,2018-05-08 23:00:00+00:00,22.42,191.0
2018050900,2018-05-09 00:00:00+00:00,21.95,192.0
2018050901,2018-05-09 01:00:00+00:00,21.6,193.0
2018050902,2018-05-09 02:00:00+00:00,21.31,194.0
2018050903,2018-05-09 03:00:00+00:00,21.22,195.0
2018050904,2018-05-09 04:00:00+00:00,21.23,196.0
2018050905,2018-05-09 05:00:00+00:00,21.27,197.0
2018050906,2018-05-09 06:00:00+00:00,22.16,198.0
2018050907,2018-05-09 07:00:00+00:00,24.23,199.0
2018050908,2018-05-09 08:00:00+00:00,26.28,200.0
2018050909,2018-05-09 09:00:00+00:00,28.3,201.0
2018050910,2018-05-09 10:00:00+00:00,29.57,202.0
2018050911,2018-05-09 11:00:00+00:00,29.96,203.0
2018050912,2018-05-09 12:00:00+00:00,29.97,204.0
2018050913,2018-05-09 13:00:00+00:00,29.77,205.0
2018050914,2018-05-09 14:00:00+00:00,29.59,206.0
2018050915,2018-05-09 15:00:00+00:00,29.03,207.0
2018050916,2018-05-09 16:00:00+00:00,28.23,208.0
2018050917,2018-05-09 17:00:00+00:00,26.95,209.0
2018050918,2018-05-09 18:00:00+00:00,25.09,210.0
2018050919,2018-05-09 19:00:00+00:00,24.38,211.0
2018050920,2018-05-09 20:00:00+00:00,23.77,212.0
2018050921,2018-05-09 21:00:00+00:00,23.33,213.0
2018050922,2018-05-09 22:00:00+00:00,22.93,214.0
2018050923,2018-05-09 23:00:00+00:00,22.57,215.0
2018051000,2018-05-10 00:00:00+00:00,22.31,216.0
2018051001,2018-05-10 01:00:00+00:00,22.0,217.0
2018051002,2018-05-10 02:00:00+00:00,21.75,218.0
2018051003,2018-05-10 03:00:00+00:00,21.48,219.0
2018051004,2018-05-10 04:00:00+00:00,21.19,220.0
2018051005,2018-05-10 05:00:00+00:00,21.06,221.0
2018051006,2018-05-10 06:00:00+00:00,22.4,222.0
2018051007,2018-05-10 07:00:00+00:00,24.53,223.0
2018051008,2018-05-10 08:00:00+00:00,26.41,224.0
2018051009,2018-05-10 09:00:00+00:00,28.08,225.0
2018051010,2018-05-10 10:00:00+00:00,29.51,226.0
2018051011,2018-05-10 11:00:00+00:00,30.58,227.0
2018051012,2018-05-10 12:00:00+00:00,31.32,228.0
2018051013,2018-05-10 13:00:00+00:00,31.5,229.0
2018051014,2018-05-10 14:00:00+00:00,31.08,230.0
2018051015,2018-05-10 15:00:00+00:00,30.33,231.0
2018051016,2018-05-10 16:00:00+00:00,29.35,232.0
2018051017,2018-05-10 17:00:00+00:00,28.21,233.0
2018051018,2018-05-10 18:00:00+00:00,26.05,234.0
2018051019,2018-05-10 19:00:00+00:00,24.74,235.0
2018051020,2018-05-10 20:00:00+00:00,23.85,236.0
2018051021,2018-05-10 21:00:00+00:00,23.18,237.0
2018051022,2018-05-10 22:00:00+00:00,22.6,238.0
2018051023,2018-05-10 23:00:00+00:00,22.16,239.0
2018051100,2018-05-11 00:00:00+00:00,21.81,240.0
2018051101,2018-05-11 01:00:00+00:00,21.54,241.0
2018051102,2018-05-11 02:00:00+00:00,21.26,242.0
2018051103,2018-05-11 03:00:00+00:00,21.01,243.0
2018051104,2018-05-11 04:00:00+00:00,20.76,244.0
2018051105,2018-05-11 05:00:00+00:00,20.64,245.0
2018051106,2018-05-11 06:00:00+00:00,21.48,246.0
2018051107,2018-05-11 07:00:00+00:00,23.14,247.0
2018051108,2018-05-11 08:00:00+00:00,25.38,248.0
2018051109,2018-05-11 09:00:00+00:00,27.86,249.0
2018051110,2018-05-11 10:00:00+00:00,30.48,250.0
2018051111,2018-05-11 11:00:00+00:00,31.8,251.0
2018051112,2018-05-11 12:00:00+00:00,32.16,252.0
2018051113,2018-05-11 13:00:00+00:00,31.89,253.0
2018051114,2018-05-11 14:00:00+00:00,31.24,254.0
2018051115,2018-05-11 15:00:00+00:00,30.57,255.0
2018051116,2018-05-11 16:00:00+00:00,29.68,256.0
2018051117,2018-05-11 17:00:00+00:00,28.33,257.0
2018051118,2018-05-11 18:00:00+00:00,26.51,258.0
2018051119,2018-05-11 19:00:00+00:00,25.93,259.0
2018051120,2018-05-11 20:00:00+00:00,25.26,260.0
2018051121,2018-05-11 21:00:00+00:00,24.33,261.0
2018051122,2018-05-11 22:00:00+00:00,23.64,262.0
2018051123,2018-05-11 23:00:00+00:00,23.18,263.0
2018051200,2018-05-12 00:00:00+00:00,22.69,264.0
2018051201,2018-05-12 01:00:00+00:00,22.24,265.0
2018051202,2018-05-12 02:00:00+00:00,21.87,266.0
2018051203,2018-05-12 03:00:00+00:00,21.57,267.0
2018051204,2018-05-12 04:00:00+00:00,21.28,268.0
2018051205,2018-05-12 05:00:00+00:00,21.13,269.0
2018051206,2018-05-12 06:00:00+00:00,22.49,270.0
2018051207,2018-05-12 07:00:00+00:00,24.38,271.0
2018051208,2018-05-12 08:00:00+00:00,26.88,272.0
2018051209,2018-05-12 09:00:00+00:00,28.67,273.0
2018051210,2018-05-12 10:00:00+00:00,30.1,274.0
2018051211,2018-05-12 11:00:00+00:00,31.13,275.0
2018051212,2018-05-12 12:00:00+00:00,31.71,276.0
2018051213,2018-05-12 13:00:00+00:00,31.6,277.0
2018051214,2018-05-12 14:00:00+00:00,31.24,278.0
2018051215,2018-05-12 15:00:00+00:00,30.7,279.0
2018051216,2018-05-12 16:00:00+00:00,29.79,280.0
2018051217,2018-05-12 17:00:00+00:00,28.47,281.0
2018051218,2018-05-12 18:00:00+00:00,26.66,282.0
2018051219,2018-05-12 19:00:00+00:00,25.81,283.0
2018051220,2018-05-12 20:00:00+00:00,25.06,284.0
2018051221,2018-05-12 21:00:00+00:00,24.41,285.0
2018051222,2018-05-12 22:00:00+00:00,23.89,286.0
2018051223,2018-05-12 23:00:00+00:00,23.41,287.0
2018051300,2018-05-13 00:00:00+00:00,22.98,288.0
2018051301,2018-05-13 01:00:00+00:00,22.57,289.0
2018051302,2018-05-13 02:00:00+00:00,22.25,290.0
2018051303,2018-05-13 03:00:00+00:00,21.97,291.0
2018051304,2018-05-13 04:00:00+00:00,21.77,292.0
2018051305,2018-05-13 05:00:00+00:00,21.71,293.0
2018051306,2018-05-13 06:00:00+00:00,22.76,294.0
2018051307,2018-05-13 07:00:00+00:00,25.25,295.0
2018051308,2018-05-13 08:00:00+00:00,27.63,296.0
2018051309,2018-05-13 09:00:00+00:00,29.44,297.0
2018051310,2018-05-13 10:00:00+00:00,30.71,298.0
2018051311,2018-05-13 11:00:00+00:00,31.38,299.0
2018051312,2018-05-13 12:00:00+00:00,31.51,300.0
2018051313,2018-05-13 13:00:00+00:00,31.23,301.0
2018051314,2018-05-13 14:00:00+00:00,30.46,302.0
2018051315,2018-05-13 15:00:00+00:00,29.36,303.0
2018051316,2018-05-13 16:00:00+00:00,28.4,304.0
2018051317,2018-05-13 17:00:00+00:00,27.45,305.0
2018051318,2018-05-13 18:00:00+00:00,26.6,306.0
2018051319,2018-05-13 19:00:00+00:00,26.3,307.0
2018051320,2018-05-13 20:00:00+00:00,25.52,308.0
2018051321,2018-05-13 21:00:00+00:00,25.3,309.0
2018051322,2018-05-13 22:00:00+00:00,24.74,310.0
2018051323,2018-05-13 23:00:00+00:00,24.23,311.0
2018051400,2018-05-14 00:00:00+00:00,23.6,312.0
2018051401,2018-05-14 01:00:00+00:00,22.85,313.0
2018051402,2018-05-14 02:00:00+00:00,22.21,314.0
2018051403,2018-05-14 03:00:00+00:00,21.8,315.0
2018051404,2018-05-14 04:00:00+00:00,21.58,316.0
2018051405,2018-05-14 05:00:00+00:00,21.53,317.0
2018051406,2018-05-14 06:00:00+00:00,22.35,318.0
2018051407,2018-05-14 07:00:00+00:00,23.78,319.0
2018051408,2018-05-14 08:00:00+00:00,25.21,320.0
2018051409,2018-05-14 09:00:00+00:00,26.2,321.0
2018051410,2018-05-14 10:00:00+00:00,26.71,322.0
2018051411,2018-05-14 11:00:00+00:00,26.81,323.0
2018051412,2018-05-14 12:00:00+00:00,26.89,324.0
2018051413,2018-05-14 13:00:00+00:00,26.69,325.0
2018051414,2018-05-14 14:00:00+00:00,26.21,326.0
2018051415,2018-05-14 15:00:00+00:00,25.75,327.0
2018051416,2018-05-14 16:00:00+00:00,25.49,328.0
2018051417,2018-05-14 17:00:00+00:00,24.52,329.0
2018051418,2018-05-14 18:00:00+00:00,22.96,330.0
2018051419,2018-05-14 19:00:00+00:00,22.55,331.0
2018051420,2018-05-14 20:00:00+00:00,22.31,332.0
2018051421,2018-05-14 21:00:00+00:00,22.3,333.0
2018051422,2018-05-14 22:00:00+00:00,22.46,334.0
2018051423,2018-05-14 23:00:00+00:00,22.49,335.0
2018051500,2018-05-15 00:00:00+00:00,21.9,336.0
2018051501,2018-05-15 01:00:00+00:00,21.2,337.0
2018051502,2018-05-15 02:00:00+00:00,21.01,338.0
2018051503,2018-05-15 03:00:00+00:00,20.76,339.0
2018051504,2018-05-15 04:00:00+00:00,20.17,340.0
2018051505,2018-05-15 05:00:00+00:00,19.81,341.0
2018051506,2018-05-15 06:00:00+00:00,21.34,342.0
2018051507,2018-05-15 07:00:00+00:00,23.54,343.0
2018051508,2018-05-15 08:00:00+00:00,26.11,344.0
2018051509,2018-05-15 09:00:00+00:00,28.18,345.0
2018051510,2018-05-15 10:00:00+00:00,29.78,346.0
2018051511,2018-05-15 11:00:00+00:00,30.96,347.0
2018051512,2018-05-15 12:00:00+00:00,31.75,348.0
2018051513,2018-05-15 13:00:00+00:00,32.11,349.0
2018051514,2018-05-15 14:00:00+00:00,31.98,350.0
2018051515,2018-05-15 15:00:00+00:00,31.48,351.0
2018051516,2018-05-15 16:00:00+00:00,30.44,352.0
2018051517,2018-05-15 17:00:00+00:00,28.07,353.0
2018051518,2018-05-15 18:00:00+00:00,25.38,354.0
2018051519,2018-05-15 19:00:00+00:00,24.21,355.0
2018051520,2018-05-15 20:00:00+00:00,23.17,356.0
2018051521,2018-05-15 21:00:00+00:00,21.86,357.0
2018051522,2018-05-15 22:00:00+00:00,21.05,358.0
2018051523,2018-05-15 23:00:00+00:00,20.51,359.0
2018051600,2018-05-16 00:00:00+00:00,20.13,360.0
2018051601,2018-05-16 01:00:00+00:00,19.92,361.0
2018051602,2018-05-16 02:00:00+00:00,19.77,362.0
2018051603,2018-05-16 03:00:00+00:00,19.56,363.0
2018051604,2018-05-16 04:00:00+00:00,19.34,364.0
2018051605,2018-05-16 05:00:00+00:00,19.29,365.0
2018051606,2018-05-16 06:00:00+00:00,21.19,366.0
2018051607,2018-05-16 07:00:00+00:00,23.91,367.0
2018051608,2018-05-16 08:00:00+00:00,27.4,368.0
2018051609,2018-05-16 09:00:00+00:00,29.82,369.0
2018051610,2018-05-16 10:00:00+00:00,31.52,370.0
2018051611,2018-05-16 11:00:00+00:00,32.7,371.0
2018051612,2018-05-16 12:00:00+00:00,33.29,372.0
2018051613,2018-05-16 13:00:00+00:00,33.2,373.0
2018051614,2018-05-16 14:00:00+00:00,32.49,374.0
2018051615,2018-05-16 15:00:00+00:00,31.89,375.0
2018051616,2018-05-16 16:00:00+00:00,30.84,376.0
2018051617,2018-05-16 17:00:00+00:00,28.96,377.0
2018051618,2018-05-16 18:00:00+00:00,27.14,378.0
2018051619,2018-05-16 19:00:00+00:00,26.61,379.0
2018051620,2018-05-16 20:00:00+00:00,25.89,380.0
2018051621,2018-05-16 21:00:00+00:00,24.77,381.0
2018051622,2018-05-16 22:00:00+00:00,23.59,382.0
2018051623,2018-05-16 23:00:00+00:00,22.66,383.0
2018051700,2018-05-17 00:00:00+00:00,21.97,384.0
2018051701,2018-05-17 01:00:00+00:00,21.41,385.0
2018051702,2018-05-17 02:00:00+00:00,21.13,386.0
2018051703,2018-05-17 03:00:00+00:00,20.81,387.0
2018051704,2018-05-17 04:00:00+00:00,20.67,388.0
2018051705,2018-05-17 05:00:00+00:00,20.75,389.0
2018051706,2018-05-17 06:00:00+00:00,22.28,390.0
2018051707,2018-05-17 07:00:00+00:00,25.08,391.0
2018051708,2018-05-17 08:00:00+00:00,28.61,392.0
2018051709,2018-05-17 09:00:00+00:00,30.6,393.0
2018051710,2018-05-17 10:00:00+00:00,31.89,394.0
2018051711,2018-05-17 11:00:00+00:00,32.68,395.0
2018051712,2018-05-17 12:00:00+00:00,33.04,396.0
2018051713,2018-05-17 13:00:00+00:00,32.97,397.0
2018051714,2018-05-17 14:00:00+00:00,32.33,398.0
2018051715,2018-05-17 15:00:00+00:00,31.75,399.0
2018051716,2018-05-17 16:00:00+00:00,31.01,400.0
2018051717,2018-05-17 17:00:00+00:00,29.99,401.0
2018051718,2018-05-17 18:00:00+00:00,28.53,402.0
2018051719,2018-05-17 19:00:00+00:00,27.25,403.0
2018051720,2018-05-17 20:00:00+00:00,26.16,404.0
2018051721,2018-05-17 21:00:00+00:00,25.01,405.0
2018051722,2018-05-17 22:00:00+00:00,23.88,406.0
2018051723,2018-05-17 23:00:00+00:00,22.95,407.0
2018051800,2018-05-18 00:00:00+00:00,22.22,408.0
2018051801,2018-05-18 01:00:00+00:00,21.86,409.0
2018051802,2018-05-18 02:00:00+00:00,21.51,410.0
2018051803,2018-05-18 03:00:00+00:00,21.22,411.0
2018051804,2018-05-18 04:00:00+00:00,21.2,412.0
2018051805,2018-05-18 05:00:00+00:00,21.33,413.0
2018051806,2018-05-18 06:00:00+00:00,22.17,414.0
2018051807,2018-05-18 07:00:00+00:00,23.71,415.0
2018051808,2018-05-18 08:00:00+00:00,25.75,416.0
2018051809,2018-05-18 09:00:00+00:00,27.76,417.0
2018051810,2018-05-18 10:00:00+00:00,29.21,418.0
2018051811,2018-05-18 11:00:00+00:00,30.29,419.0
2018051812,2018-05-18 12:00:00+00:00,31.01,420.0
2018051813,2018-05-18 13:00:00+00:00,30.99,421.0
2018051814,2018-05-18 14:00:00+00:00,30.61,422.0
2018051815,2018-05-18 15:00:00+00:00,29.9,423.0
2018051816,2018-05-18 16:00:00+00:00,28.73,424.0
2018051817,2018-05-18 17:00:00+00:00,26.9,425.0
2018051818,2018-05-18 18:00:00+00:00,25.22,426.0
2018051819,2018-05-18 19:00:00+00:00,24.48,427.0
2018051820,2018-05-18 20:00:00+00:00,23.97,428.0
2018051821,2018-05-18 21:00:00+00:00,23.63,429.0
2018051822,2018-05-18 22:00:00+00:00,23.4,430.0
2018051823,2018-05-18 23:00:00+00:00,23.16,431.0
2018051900,2018-05-19 00:00:00+00:00,22.71,432.0
2018051901,2018-05-19 01:00:00+00:00,22.23,433.0
2018051902,2018-05-19 02:00:00+00:00,21.8,434.0
2018051903,2018-05-19 03:00:00+00:00,21.4,435.0
2018051904,2018-05-19 04:00:00+00:00,21.04,436.0
2018051905,2018-05-19 05:00:00+00:00,20.91,437.0
2018051906,2018-05-19 06:00:00+00:00,22.06,438.0
2018051907,2018-05-19 07:00:00+00:00,24.66,439.0
2018051908,2018-05-19 08:00:00+00:00,27.43,440.0
2018051909,2018-05-19 09:00:00+00:00,29.38,441.0
2018051910,2018-05-19 10:00:00+00:00,30.78,442.0
2018051911,2018-05-19 11:00:00+00:00,31.98,443.0
2018051912,2018-05-19 12:00:00+00:00,32.78,444.0
2018051913,2018-05-19 13:00:00+00:00,33.15,445.0
2018051914,2018-05-19 14:00:00+00:00,33.07,446.0
2018051915,2018-05-19 15:00:00+00:00,32.54,447.0
2018051916,2018-05-19 16:00:00+00:00,31.44,448.0
2018051917,2018-05-19 17:00:00+00:00,30.14,449.0
2018051918,2018-05-19 18:00:00+00:00,28.26,450.0
2018051919,2018-05-19 19:00:00+00:00,27.0,451.0
2018051920,2018-05-19 20:00:00+00:00,25.84,452.0
2018051921,2018-05-19 21:00:00+00:00,24.79,453.0
2018051922,2018-05-19 22:00:00+00:00,23.9,454.0
2018051923,2018-05-19 23:00:00+00:00,23.15,455.0
2018052000,2018-05-20 00:00:00+00:00,22.74,456.0
2018052001,2018-05-20 01:00:00+00:00,22.43,457.0
2018052002,2018-05-20 02:00:00+00:00,21.96,458.0
2018052003,2018-05-20 03:00:00+00:00,21.51,459.0
2018052004,2018-05-20 04:00:00+00:00,21.34,460.0
2018052005,2018-05-20 05:00:00+00:00,21.35,461.0
2018052006,2018-05-20 06:00:00+00:00,22.32,462.0
2018052007,2018-05-20 07:00:00+00:00,24.82,463.0
2018052008,2018-05-20 08:00:00+00:00,27.53,464.0
2018052009,2018-05-20 09:00:00+00:00,29.29,465.0
2018052010,2018-05-20 10:00:00+00:00,30.64,466.0
2018052011,2018-05-20 11:00:00+00:00,31.7,467.0
2018052012,2018-05-20 12:00:00+00:00,32.31,468.0
2018052013,2018-05-20 13:00:00+00:00,32.31,469.0
2018052014,2018-05-20 14:00:00+00:00,31.76,470.0
2018052015,2018-05-20 15:00:00+00:00,31.07,471.0
2018052016,2018-05-20 16:00:00+00:00,30.22,472.0
2018052017,2018-05-20 17:00:00+00:00,28.65,473.0
2018052018,2018-05-20 18:00:00+00:00,26.93,474.0
2018052019,2018-05-20 19:00:00+00:00,26.63,475.0
2018052020,2018-05-20 20:00:00+00:00,26.03,476.0
2018052021,2018-05-20 21:00:00+00:00,25.31,477.0
2018052022,2018-05-20 22:00:00+00:00,24.94,478.0
2018052023,2018-05-20 23:00:00+00:00,24.82,479.0
2018052100,2018-05-21 00:00:00+00:00,24.73,480.0
2018052101,2018-05-21 01:00:00+00:00,24.15,481.0
2018052102,2018-05-21 02:00:00+00:00,22.96,482.0
2018052103,2018-05-21 03:00:00+00:00,21.72,483.0
2018052104,2018-05-21 04:00:00+00:00,21.02,484.0
2018052105,2018-05-21 05:00:00+00:00,20.83,485.0
2018052106,2018-05-21 06:00:00+00:00,22.06,486.0
2018052107,2018-05-21 07:00:00+00:00,24.48,487.0
2018052108,2018-05-21 08:00:00+00:00,27.34,488.0
2018052109,2018-05-21 09:00:00+00:00,29.31,489.0
2018052110,2018-05-21 10:00:00+00:00,30.61,490.0
2018052111,2018-05-21 11:00:00+00:00,31.47,491.0
2018052112,2018-05-21 12:00:00+00:00,32.03,492.0
2018052113,2018-05-21 13:00:00+00:00,32.06,493.0
2018052114,2018-05-21 14:00:00+00:00,31.44,494.0
2018052115,2018-05-21 15:00:00+00:00,30.71,495.0
2018052116,2018-05-21 16:00:00+00:00,29.64,496.0
2018052117,2018-05-21 17:00:00+00:00,28.2,497.0
2018052118,2018-05-21 18:00:00+00:00,26.34,498.0
2018052119,2018-05-21 19:00:00+00:00,25.64,499.0
2018052120,2018-05-21 20:00:00+00:00,24.92,500.0
2018052121,2018-05-21 21:00:00+00:00,24.15,501.0
2018052122,2018-05-21 22:00:00+00:00,23.44,502.0
2018052123,2018-05-21 23:00:00+00:00,22.75,503.0
2018052200,2018-05-22 00:00:00+00:00,22.15,504.0
2018052201,2018-05-22 01:00:00+00:00,21.65,505.0
2018052202,2018-05-22 02:00:00+00:00,21.56,506.0
2018052203,2018-05-22 03:00:00+00:00,21.51,507.0
2018052204,2018-05-22 04:00:00+00:00,21.42,508.0
2018052205,2018-05-22 05:00:00+00:00,21.37,509.0
2018052206,2018-05-22 06:00:00+00:00,22.05,510.0
2018052207,2018-05-22 07:00:00+00:00,23.86,511.0
2018052208,2018-05-22 08:00:00+00:00,26.62,512.0
2018052209,2018-05-22 09:00:00+00:00,28.47,513.0
2018052210,2018-05-22 10:00:00+00:00,29.88,514.0
2018052211,2018-05-22 11:00:00+00:00,31.06,515.0
2018052212,2018-05-22 12:00:00+00:00,31.91,516.0
2018052213,2018-05-22 13:00:00+00:00,32.28,517.0
2018052214,2018-05-22 14:00:00+00:00,32.03,518.0
2018052215,2018-05-22 15:00:00+00:00,31.48,519.0
2018052216,2018-05-22 16:00:00+00:00,30.46,520.0
2018052217,2018-05-22 17:00:00+00:00,28.65,521.0
2018052218,2018-05-22 18:00:00+00:00,26.64,522.0
2018052219,2018-05-22 19:00:00+00:00,25.96,523.0
2018052220,2018-05-22 20:00:00+00:00,25.33,524.0
2018052221,2018-05-22 21:00:00+00:00,24.69,525.0
2018052222,2018-05-22 22:00:00+00:00,24.31,526.0
2018052223,2018-05-22 23:00:00+00:00,24.08,527.0
2018052300,2018-05-23 00:00:00+00:00,23.87,528.0
2018052301,2018-05-23 01:00:00+00:00,23.45,529.0
2018052302,2018-05-23 02:00:00+00:00,22.69,530.0
2018052303,2018-05-23 03:00:00+00:00,22.05,531.0
2018052304,2018-05-23 04:00:00+00:00,21.6,532.0
2018052305,2018-05-23 05:00:00+00:00,21.08,533.0
2018052306,2018-05-23 06:00:00+00:00,22.46,534.0
2018052307,2018-05-23 07:00:00+00:00,25.26,535.0
2018052308,2018-05-23 08:00:00+00:00,27.97,536.0
2018052309,2018-05-23 09:00:00+00:00,30.23,537.0
2018052310,2018-05-23 10:00:00+00:00,31.96,538.0
2018052311,2018-05-23 11:00:00+00:00,33.15,539.0
2018052312,2018-05-23 12:00:00+00:00,33.85,540.0
2018052313,2018-05-23 13:00:00+00:00,34.12,541.0
2018052314,2018-05-23 14:00:00+00:00,33.85,542.0
2018052315,2018-05-23 15:00:00+00:00,33.25,543.0
2018052316,2018-05-23 16:00:00+00:00,32.07,544.0
2018052317,2018-05-23 17:00:00+00:00,30.17,545.0
2018052318,2018-05-23 18:00:00+00:00,28.41,546.0
2018052319,2018-05-23 19:00:00+00:00,27.97,547.0
2018052320,2018-05-23 20:00:00+00:00,27.33,548.0
2018052321,2018-05-23 21:00:00+00:00,26.39,549.0
2018052322,2018-05-23 22:00:00+00:00,25.5,550.0
2018052323,2018-05-23 23:00:00+00:00,24.79,551.0
2018052400,2018-05-24 00:00:00+00:00,24.47,552.0
2018052401,2018-05-24 01:00:00+00:00,23.76,553.0
2018052402,2018-05-24 02:00:00+00:00,22.72,554.0
2018052403,2018-05-24 03:00:00+00:00,22.08,555.0
2018052404,2018-05-24 04:00:00+00:00,21.65,556.0
2018052405,2018-05-24 05:00:00+00:00,21.42,557.0
2018052406,2018-05-24 06:00:00+00:00,22.23,558.0
2018052407,2018-05-24 07:00:00+00:00,24.0,559.0
2018052408,2018-05-24 08:00:00+00:00,26.6,560.0
2018052409,2018-05-24 09:00:00+00:00,29.01,561.0
2018052410,2018-05-24 10:00:00+00:00,30.62,562.0
2018052411,2018-05-24 11:00:00+00:00,31.73,563.0
2018052412,2018-05-24 12:00:00+00:00,32.35,564.0
2018052413,2018-05-24 13:00:00+00:00,32.6,565.0
2018052414,2018-05-24 14:00:00+00:00,32.3,566.0
2018052415,2018-05-24 15:00:00+00:00,31.73,567.0
2018052416,2018-05-24 16:00:00+00:00,30.72,568.0
2018052417,2018-05-24 17:00:00+00:00,28.93,569.0
2018052418,2018-05-24 18:00:00+00:00,26.97,570.0
2018052419,2018-05-24 19:00:00+00:00,26.2,571.0
2018052420,2018-05-24 20:00:00+00:00,25.49,572.0
2018052421,2018-05-24 21:00:00+00:00,24.81,573.0
2018052422,2018-05-24 22:00:00+00:00,24.25,574.0
2018052423,2018-05-24 23:00:00+00:00,23.8,575.0
2018052500,2018-05-25 00:00:00+00:00,23.39,576.0
2018052501,2018-05-25 01:00:00+00:00,22.93,577.0
2018052502,2018-05-25 02:00:00+00:00,22.49,578.0
2018052503,2018-05-25 03:00:00+00:00,22.05,579.0
2018052504,2018-05-25 04:00:00+00:00,21.68,580.0
2018052505,2018-05-25 05:00:00+00:00,21.51,581.0
2018052506,2018-05-25 06:00:00+00:00,22.45,582.0
2018052507,2018-05-25 07:00:00+00:00,24.38,583.0
2018052508,2018-05-25 08:00:00+00:00,26.69,584.0
2018052509,2018-05-25 09:00:00+00:00,28.14,585.0
2018052510,2018-05-25 10:00:00+00:00,29.25,586.0
2018052511,2018-05-25 11:00:00+00:00,29.94,587.0
2018052512,2018-05-25 12:00:00+00:00,30.21,588.0
2018052513,2018-05-25 13:00:00+00:00,30.38,589.0
2018052514,2018-05-25 14:00:00+00:00,30.02,590.0
2018052515,2018-05-25 15:00:00+00:00,29.4,591.0
2018052516,2018-05-25 16:00:00+00:00,28.56,592.0
2018052517,2018-05-25 17:00:00+00:00,27.7,593.0
2018052518,2018-05-25 18:00:00+00:00,25.84,594.0
2018052519,2018-05-25 19:00:00+00:00,24.76,595.0
2018052520,2018-05-25 20:00:00+00:00,24.08,596.0
2018052521,2018-05-25 21:00:00+00:00,23.5,597.0
2018052522,2018-05-25 22:00:00+00:00,22.99,598.0
2018052523,2018-05-25 23:00:00+00:00,22.56,599.0
2018052600,2018-05-26 00:00:00+00:00,22.2,600.0
2018052601,2018-05-26 01:00:00+00:00,21.9,601.0
2018052602,2018-05-26 02:00:00+00:00,21.7,602.0
2018052603,2018-05-26 03:00:00+00:00,21.51,603.0
2018052604,2018-05-26 04:00:00+00:00,21.34,604.0
2018052605,2018-05-26 05:00:00+00:00,21.3,605.0
2018052606,2018-05-26 06:00:00+00:00,22.17,606.0
2018052607,2018-05-26 07:00:00+00:00,24.04,607.0
2018052608,2018-05-26 08:00:00+00:00,26.29,608.0
2018052609,2018-05-26 09:00:00+00:00,28.41,609.0
2018052610,2018-05-26 10:00:00+00:00,30.09,610.0
2018052611,2018-05-26 11:00:00+00:00,31.26,611.0
2018052612,2018-05-26 12:00:00+00:00,31.9,612.0
2018052613,2018-05-26 13:00:00+00:00,32.01,613.0
2018052614,2018-05-26 14:00:00+00:00,31.76,614.0
2018052615,2018-05-26 15:00:00+00:00,31.13,615.0
2018052616,2018-05-26 16:00:00+00:00,30.08,616.0
2018052617,2018-05-26 17:00:00+00:00,28.12,617.0
2018052618,2018-05-26 18:00:00+00:00,25.85,618.0
2018052619,2018-05-26 19:00:00+00:00,24.91,619.0
2018052620,2018-05-26 20:00:00+00:00,24.12,620.0
2018052621,2018-05-26 21:00:00+00:00,23.43,621.0
2018052622,2018-05-26 22:00:00+00:00,22.8,622.0
2018052623,2018-05-26 23:00:00+00:00,22.32,623.0
2018052700,2018-05-27 00:00:00+00:00,21.92,624.0
2018052701,2018-05-27 01:00:00+00:00,21.61,625.0
2018052702,2018-05-27 02:00:00+00:00,21.43,626.0
2018052703,2018-05-27 03:00:00+00:00,21.29,627.0
2018052704,2018-05-27 04:00:00+00:00,21.16,628.0
2018052705,2018-05-27 05:00:00+00:00,21.22,629.0
2018052706,2018-05-27 06:00:00+00:00,22.26,630.0
2018052707,2018-05-27 07:00:00+00:00,24.12,631.0
2018052708,2018-05-27 08:00:00+00:00,26.61,632.0
2018052709,2018-05-27 09:00:00+00:00,28.6,633.0
2018052710,2018-05-27 10:00:00+00:00,30.02,634.0
2018052711,2018-05-27 11:00:00+00:00,30.85,635.0
2018052712,2018-05-27 12:00:00+00:00,31.13,636.0
2018052713,2018-05-27 13:00:00+00:00,31.14,637.0
2018052714,2018-05-27 14:00:00+00:00,30.6,638.0
2018052715,2018-05-27 15:00:00+00:00,29.98,639.0
2018052716,2018-05-27 16:00:00+00:00,29.21,640.0
2018052717,2018-05-27 17:00:00+00:00,27.68,641.0
2018052718,2018-05-27 18:00:00+00:00,25.5,642.0
2018052719,2018-05-27 19:00:00+00:00,24.85,643.0
2018052720,2018-05-27 20:00:00+00:00,24.26,644.0
2018052721,2018-05-27 21:00:00+00:00,23.81,645.0
2018052722,2018-05-27 22:00:00+00:00,23.41,646.0
2018052723,2018-05-27 23:00:00+00:00,23.05,647.0
2018052800,2018-05-28 00:00:00+00:00,22.77,648.0
2018052801,2018-05-28 01:00:00+00:00,22.5,649.0
2018052802,2018-05-28 02:00:00+00:00,22.25,650.0
2018052803,2018-05-28 03:00:00+00:00,21.91,651.0
2018052804,2018-05-28 04:00:00+00:00,21.63,652.0
2018052805,2018-05-28 05:00:00+00:00,21.57,653.0
2018052806,2018-05-28 06:00:00+00:00,22.78,654.0
2018052807,2018-05-28 07:00:00+00:00,25.05,655.0
2018052808,2018-05-28 08:00:00+00:00,27.56,656.0
2018052809,2018-05-28 09:00:00+00:00,29.31,657.0
2018052810,2018-05-28 10:00:00+00:00,30.33,658.0
2018052811,2018-05-28 11:00:00+00:00,30.82,659.0
2018052812,2018-05-28 12:00:00+00:00,31.03,660.0
2018052813,2018-05-28 13:00:00+00:00,30.98,661.0
2018052814,2018-05-28 14:00:00+00:00,30.76,662.0
2018052815,2018-05-28 15:00:00+00:00,30.53,663.0
2018052816,2018-05-28 16:00:00+00:00,30.03,664.0
2018052817,2018-05-28 17:00:00+00:00,28.96,665.0
2018052818,2018-05-28 18:00:00+00:00,27.25,666.0
2018052819,2018-05-28 19:00:00+00:00,25.59,667.0
2018052820,2018-05-28 20:00:00+00:00,24.23,668.0
2018052821,2018-05-28 21:00:00+00:00,23.5,669.0
2018052822,2018-05-28 22:00:00+00:00,22.92,670.0
2018052823,2018-05-28 23:00:00+00:00,22.43,671.0
2018052900,2018-05-29 00:00:00+00:00,22.04,672.0
2018052901,2018-05-29 01:00:00+00:00,21.6,673.0
2018052902,2018-05-29 02:00:00+00:00,21.33,674.0
2018052903,2018-05-29 03:00:00+00:00,21.11,675.0
2018052904,2018-05-29 04:00:00+00:00,20.95,676.0
2018052905,2018-05-29 05:00:00+00:00,20.93,677.0
2018052906,2018-05-29 06:00:00+00:00,22.09,678.0
2018052907,2018-05-29 07:00:00+00:00,24.47,679.0
2018052908,2018-05-29 08:00:00+00:00,27.04,680.0
2018052909,2018-05-29 09:00:00+00:00,29.36,681.0
2018052910,2018-05-29 10:00:00+00:00,31.04,682.0
2018052911,2018-05-29 11:00:00+00:00,31.92,683.0
2018052912,2018-05-29 12:00:00+00:00,32.14,684.0
2018052913,2018-05-29 13:00:00+00:00,31.88,685.0
2018052914,2018-05-29 14:00:00+00:00,31.51,686.0
2018052915,2018-05-29 15:00:00+00:00,30.9,687.0
2018052916,2018-05-29 16:00:00+00:00,29.84,688.0
2018052917,2018-05-29 17:00:00+00:00,28.29,689.0
2018052918,2018-05-29 18:00:00+00:00,26.38,690.0
2018052919,2018-05-29 19:00:00+00:00,25.72,691.0
2018052920,2018-05-29 20:00:00+00:00,25.11,692.0
2018052921,2018-05-29 21:00:00+00:00,24.38,693.0
2018052922,2018-05-29 22:00:00+00:00,23.7,694.0
2018052923,2018-05-29 23:00:00+00:00,23.08,695.0
2018053000,2018-05-30 00:00:00+00:00,22.6,696.0
2018053001,2018-05-30 01:00:00+00:00,22.31,697.0
2018053002,2018-05-30 02:00:00+00:00,22.15,698.0
2018053003,2018-05-30 03:00:00+00:00,22.04,699.0
2018053004,2018-05-30 04:00:00+00:00,22.05,700.0
2018053005,2018-05-30 05:00:00+00:00,22.15,701.0
2018053006,2018-05-30 06:00:00+00:00,22.93,702.0
2018053007,2018-05-30 07:00:00+00:00,24.47,703.0
2018053008,2018-05-30 08:00:00+00:00,26.15,704.0
2018053009,2018-05-30 09:00:00+00:00,27.61,705.0
2018053010,2018-05-30 10:00:00+00:00,28.74,706.0
2018053011,2018-05-30 11:00:00+00:00,29.22,707.0
2018053012,2018-05-30 12:00:00+00:00,29.49,708.0
2018053013,2018-05-30 13:00:00+00:00,29.57,709.0
2018053014,2018-05-30 14:00:00+00:00,29.43,710.0
2018053015,2018-05-30 15:00:00+00:00,29.18,711.0
2018053016,2018-05-30 16:00:00+00:00,28.53,712.0
2018053017,2018-05-30 17:00:00+00:00,27.67,713.0
2018053018,2018-05-30 18:00:00+00:00,26.31,714.0
2018053019,2018-05-30 19:00:00+00:00,25.54,715.0
2018053020,2018-05-30 20:00:00+00:00,24.96,716.0
2018053021,2018-05-30 21:00:00+00:00,24.49,717.0
2018053022,2018-05-30 22:00:00+00:00,24.0,718.0
2018053023,2018-05-30 23:00:00+00:00,23.56,719.0
